Label,1,2,3,4,5,6,7,8,9,10,11,12,13,14,15,16,17,18,19,20,21,22,23,24,25,26,27,28,29,30,31,32,33,34,35,36,37,38,39,40,41,42,43,44,45,46,47,48,49,50,51,52
A,2.478709716,0.955195173,0.443304396,0.278928122,1.440363616,0,1.743811474,5.404158633,0.492182166,1.715730901,0,1.006263047,1.085930054,3.887420684,1.811955424,3.235193044,2.042297449,0,1.415075007,2.950644223,2.417832387,2.45617041,0.751945955,0.842706627,0,4.999415541,0,1.040494078,3.490202297,0,1.595751314,0,7.456556417,4.817369837,2.746618801,2.816090592,3.544670215,7.415882821,4.625419087,0,2.218764523,12.32210104,3.623306076,5.377621906,11.72222224,7.613912371,0.287056824,5.144357438,21.76826056,13.54443654,6.332634193,5.238289257
A,2.622886227,0.79825104,1.165614697,0.149148969,0,0,6.611697056,3.165870526,1.03082606,2.036029639,3.172984266,2.363873337,0,1.969911608,2.276394305,0,3.722807917,0.595744443,0,0.140499089,2.128732511,1.531265957,0,0.009941537,3.399007541,0,0,1.684376866,0,0.552161013,2.676794816,2.698226833,4.260014551,6.3728427,2.560747075,3.082148829,4.899030608,2.29754841,5.048774773,3.150005881,3.188129385,18.41801782,5.21838815,5.093773066,6.325420833,3.706615358,1.329307921,6.183692285,16.66870339,11.31487854,12.97017409,2.265490682
C,1.743127371,6.162236156,4.203266498,4.838973263,7.792719347,5.757653139,8.445227596,9.949316991,6.072592726,7.206400807,8.6618541,4.541728484,7.568973263,8.093286325,6.458597009,5.989604809,6.148103796,7.157016244,6.123442501,6.096166305,6.320842956,9.331915904,6.026719252,5.935794653,6.771196,8.709792932,6.792695087,9.680040145,6.55214214,7.262502358,9.110150838,6.203972985,10.22537576,9.57866119,6.266597644,7.47808526,9.209333182,8.938511244,8.703387323,6.623136379,6.932948074,6.683127208,6.714881599,8.887462891,7.023248033,6.729473376,6.873286325,8.663380698,7.48818762,7.934032487,8.533585325,12.33296656
C,6.786647021,7.83094211,10.87477152,0,1.126103538,11.73825797,10.86928566,2.430434956,12.16115071,0,4.116434231,8.60076714,0,9.883092636,3.769223586,12.05657216,2.740792741,8.017165878,3.812854067,7.585919855,4.385490277,4.634982038,8.315326154,4.273026857,8.057076262,6.152994255,9.124483251,6.517185485,8.085076952,4.42761956,10.14406808,8.039176633,11.93698665,12.49795692,5.414331418,14.47344975,1.685990371,11.40601121,15.15898604,7.961146922,5.834471606,10.02967504,4.561461012,5.914000726,10.15388955,4.058141509,8.663092636,6.50430626,10.72678229,9.654331757,10.6448617,5.060294769
B,0,0.449027061,1.120597407,2.101622357,0,0,2.725320244,0.012961251,0.547851327,1.21744712,1.71169496,0,2.132033201,0.099029405,2.039927536,1.287969392,1.362794077,0.495216493,0,0,0.13475373,1.281032171,2.334788587,0.949066882,0.451875588,0,1.096677637,0.173640884,0.514884682,2.091522016,2.007664462,1.005619517,1.545483418,1.448044734,1.324754389,2.048646765,1.974462853,1.246677074,1.1908758,0.93774137,0,1.735119753,0,1.77958159,2.591769585,1.520665336,3.349479444,3.271368625,1.933715297,1.909990706,0.567860681,2.731376243
B,0.815331146,1.287100917,2.02330455,0.516926338,0,0.223138133,3.752596419,0,0,2.301616919,0.731867668,1.006202962,0,1.204577911,2.250130634,2.290956602,0.350869922,2.157638702,0.473091399,0.035846042,0.409983561,0.002947461,1.105619185,0.303107649,0,0,0.2528937,1.036565592,0,1.416878173,1.866687144,1.908483912,0.286832949,0.381242237,1.784475994,1.057576027,0.529178865,1.203995056,3.184194192,0,1.018526884,0,2.433093504,1.354200004,1.62501852,0.70101425,2.080618374,0.504320603,1.557667432,1.800359601,0,0.727757051
B,2.808558464,0,0.202595474,2.454559075,0,0.022761535,0.853322306,2.354574141,1.805654624,1.121030223,1.149913043,0.393931027,2.140104444,0.970786045,0,0.908910509,0.269907693,0,0,0,2.095283065,1.573906018,0,1.213844096,0.218833543,0.867465406,0,0.248251453,1.723390091,0.677669756,2.223122757,0,0,1.32199559,0.670123522,0.666778523,0.442679439,1.572075202,0.299014245,0.010149543,0,0.996938883,0.72911091,2.83949944,1.013249171,0.790513781,0.178172736,4.654309048,0,0.571852947,0.307082334,1.915285556
C,1.736583102,8.470442168,5.407335006,3.39085579,4.298163853,6.837028468,0.128990373,6.008014345,7.171451364,5.829502226,6.279202627,5.27430091,6.12085579,1.95298214,5.048861554,7.084566785,5.554613029,4.206093358,4.912261335,6.365035972,5.9837402,6.869842715,6.439765407,5.646171158,2.359715324,7.369551478,7.213534565,8.022111828,6.828805131,6.76871804,5.563081916,6.535189241,4.353337289,0,5.819850493,8.740603695,7.898905567,0.473237513,9.868489213,2.032811891,6.357140635,7.287109793,6.339795434,7.328811718,7.588263999,6.264176614,0.73298214,7.531621248,8.072686896,2.032186717,1.29041097,8.520724203
C,8.166652891,5.624263196,5.281740972,2.112081569,3.690614116,6.724440936,6.51229125,5.322794898,7.056831567,4.613618541,5.86496417,5.197887711,4.842081569,6.66610035,4.803770467,6.970353441,5.030525233,6.471135605,4.70169012,6.336990703,5.686058332,6.441796309,6.396681369,5.390416314,5.745839086,7.136542346,7.169637621,7.733870902,6.799946955,6.332676994,8.285708454,6.500640721,8.860542567,7.250823871,5.742180782,8.608912864,6.741719715,6.970934463,9.746959711,5.556210941,6.257033008,7.224109549,6.008571947,7.057830728,7.529328288,5.853291783,5.44610035,7.334857981,8.011718919,6.56227121,6.850060121,7.857942672
B,4.761266053,0.846145689,0.948801031,0.719780582,6.356852438,0.343141866,4.67647287,3.198159944,1.293835116,1.983006646,1.58061108,1.234982262,0.621713783,0.285132485,2.053659837,0,1.341214133,0.888212109,0.207485522,1.213945793,1.382633302,0.636763404,0,0.126788743,0,0,0.851751851,1.731329732,0.648854502,0.414662987,1.010196793,1.049897084,2.640208516,0.773948521,0.871745537,0.533935181,0.699350713,1.187705904,0,1.754561859,0.458218348,1.695881969,0,0.179965947,1.965590327,4.462465944,0.133441149,3.557825896,2.348455794,4.538077942,3.680268557,0.024815167
C,0,7.571776297,5.546116553,0,4.8868172,6.961437816,8.497182708,6.671921672,7.298106369,2.364421318,6.680557182,5.358737579,2.476546558,8.131647447,5.286329666,7.210772658,4.061043671,7.175451929,5.116283234,6.396026026,5.135392805,7.284575755,6.487373316,4.917309312,6.798756418,7.595313415,7.262040737,8.301387706,6.860693447,5.526068335,9.132310904,6.573365395,10.26206091,9.641230788,5.895104472,8.886122211,4.601104427,8.991397452,10.00277945,6.651814111,6.454134652,7.356725132,5.3958596,7.59136449,7.653388027,5.093218238,6.911647447,7.722264661,8.140056579,7.970903857,8.578836552,9.162891491
A,1.826846726,1.02965414,0,0.272086005,0.83793297,2.095676049,2.403554861,0,4.573673995,0.672506372,4.269304732,0.501433643,0.36631429,2.770615601,2.424286602,2.577709001,3.000351574,1.823580571,0.794395521,0.786699122,0,1.747235115,0.961270446,2.618399388,1.293366723,1.912112447,1.35966899,1.27850368,1.241742674,0.802154845,6.635280011,7.129362077,3.63655882,2.802544896,2.416559593,4.151054987,3.325062806,3.151276284,4.372058874,4.983976084,3.387663825,3.031210553,3.929986439,6.58582509,9.914427762,3.143877789,1.313615863,6.246892708,15.23010615,10.62276621,1.580902044,8.487088187
A,0.914158094,1.382656046,0.033856884,0.415097214,0.42766639,0,4.09641862,1.809734368,2.863292629,4.636170684,0,0.560253303,1.446553525,1.786491424,0.329365374,0.1832004,2.790489537,0.652832788,0.018780326,1.025265858,0.006994854,2.890835208,1.514958144,1.823453895,0.602149329,2.437881717,1.995489347,1.382641369,0.22848429,2.730846248,1.664420256,1.783213976,3.60207617,0.462127947,2.499854926,2.097481662,3.534938986,3.42877194,5.486860181,7.45580465,1.346179049,11.1202628,5.019172772,8.205990084,0,1.806677742,1.927870031,5.625178706,3.851415749,7.811284348,1.48805132,5.1356561
B,2.361047098,2.056332618,1.713041903,0.464346687,4.037096707,2.80094516,0,0,3.192248191,0.366710051,1.017784495,1.891587323,0.322839704,1.094931219,3.475595641,1.569458094,1.859349331,1.209341864,0.260050792,0,1.624697045,1.251887049,0,0,0.165737618,0.737571429,0,2.86628942,0.846310236,0,0,0.530931222,4.913850615,1.5867761,1.083336478,1.50498412,1.0271447,1.039375072,1.645255715,0.974421633,0,1.134687972,2.734434723,2.686660674,0.833397253,0.605622216,0.863957162,2.225270241,1.957719135,2.428144128,2.959005687,1.008318886
B,2.89617268,0.873427415,1.99524134,1.638206567,2.534736242,0.818617238,1.640856951,2.208222983,3.497216498,2.894695594,0.888958777,1.426553155,1.084200308,1.817979507,3.601306226,0,2.010866282,0.438205374,0.667396984,1.046009301,1.139581166,1.271568151,0.805861782,0.260757313,0.215064313,0.416714261,1.29852316,1.539631554,0.521582656,1.228759198,0.384534879,0.710449924,0,1.480656713,0.414325954,0.941668567,0,1.979010257,1.389275112,2.139096787,0,0.830838661,3.053302634,0.832633897,2.322787982,0,0,1.753691872,0.889124706,0,0,2.697961726
B,2.091229215,2.476562781,1.567173425,0.45032495,0.760559166,1.60100287,2.878119174,3.47314494,1.70149879,2.90067625,0,0.93410028,0.789743361,0.333643227,2.341457544,0,0.918934037,0.893073745,0.950197768,2.257411906,0.865557461,1.264011341,1.405438843,1.72771315,1.33714143,0.647413731,1.350040578,2.364338385,0,2.179489025,2.00304764,0.631475316,3.951560655,2.018744702,1.008941972,0.477417997,0.804885499,2.978799002,2.715829887,1.39875423,0.029398054,1.247599738,0.712350651,1.824488801,2.234902554,2.303849414,0,0.618650704,0.522788881,0,0,0.640992859
C,0.895202505,2.08695422,3.497530749,7.921708396,0,5.125003292,10.65953672,0.225041136,5.428523207,10.13752602,2.783198671,4.112348805,10.6517084,9.728224242,2.980392547,5.347819224,7.411519835,7.942738835,3.135125991,5.938574827,7.038463266,3.257305294,5.784622199,6.552341679,7.945811591,5.403049253,6.546030165,5.589475742,6.389982793,8.313664502,10.05460527,6.009838555,11.78888435,12.24535604,5.164349751,6.738090494,11.99895579,11.19250332,8.020490919,7.84537152,5.512273012,6.329117366,7.513360535,5.041842464,6.692077536,7.71999155,8.508224242,5.871019369,7.145597451,9.505477669,10.46217714,2.927117874
A,1.66801331,0.923602874,0.884533222,0.05674159,2.156970976,0.339384527,6.884796124,1.451488066,1.959615419,1.755614801,2.559538571,0,1.789996278,0,2.171309468,0.534280225,2.380701715,0.60778879,0.726109749,2.911472331,1.946286669,1.986985922,1.742035063,1.892687406,2.137365017,0,2.134824674,3.156702462,4.696579375,0.795131806,0.389652746,5.356819749,4.12245757,1.647018644,2.957353726,3.344884682,2.665246955,3.626690868,3.244836143,4.394076683,3.267812603,3.589291281,5.408174774,10.07836537,2.057471597,7.321511644,4.958757123,5.440027208,0,9.895846887,13.46656148,3.619695733
B,1.177438674,1.77183258,1.473939759,1.417269272,2.423021371,0,4.3370238,0,0.13437439,1.108052825,1.229177893,0,0,0,1.099508332,1.619702856,0.790324529,1.65557664,0,0.774738296,0.373625965,0,0.096610074,0,0,0.792217941,1.337858352,0,1.59377425,1.540803874,2.734325536,2.389040767,2.650463592,0.637416541,0.714904767,1.830743294,0,1.043489489,1.430534703,1.661646516,1.170601946,1.70630164,0,2.434694262,0.485316998,0,0,4.98862543,0.59745453,1.592013737,0,1.570239751
C,6.271921223,3.960574174,9.537837231,9.248756436,5.058841575,10.53977642,4.243873323,6.865937799,10.94103592,11.3993094,6.797846528,7.78735728,11.97875644,4.991211127,5.355725862,10.84078402,7.955391982,5.666213115,5.175905318,7.287381129,7.347382646,7.405774746,7.856701445,6.817751287,4.542520616,7.661288672,8.657205246,8.383001543,7.77788493,8.766166129,7.31817536,7.671411536,7.258828117,4.518965722,5.917096224,13.07161574,13.1998255,4.661863884,13.86531823,4.304109289,6.482479578,9.359044566,7.857087733,7.668091271,9.526525561,8.146387314,3.771211127,7.777977101,10.07778506,4.952426229,4.874341281,9.350554445
A,1.391009941,0.613502016,0.840282667,0.309071255,2.072729484,2.509885107,2.222903895,0.099098889,0.878748542,0,0.387367613,0.658857535,1.350552085,1.738425584,0.243317852,1.179419309,1.701355216,1.013890089,0.77913013,1.257036736,3.589791003,2.571155642,1.377778297,3.248395238,0.216367256,1.029849063,0,1.555186293,1.804492236,4.439080502,0.13489564,4.662622497,7.453337533,2.950859108,1.865673423,4.732339199,5.511083526,7.402557496,7.245639671,5.67746352,5.015480967,4.072098931,3.85724893,2.958446126,2.312105784,4.247407728,0,4.777219256,9.303581918,11.47436716,11.61227822,9.502602141
A,2.852148377,0,0.465041785,0.088707282,1.195861711,1.201601535,1.99125331,2.220420452,2.297458913,0,2.896180304,1.116256154,0,0.31130748,0.591332589,1.249926181,5.297803812,0,0.672181397,2.636739812,0.586553618,1.6839703,0.464753016,0.737731567,0,0,3.496785486,2.944216965,0.18511674,0,2.476105715,4.114336982,1.963132702,2.724594288,2.84451016,3.898207957,2.653863174,3.960016504,5.277509053,5.338609896,1.546595415,12.70489884,2.165198589,9.050609119,8.66051376,14.03575169,1.810739846,6.633881112,0,7.747895387,11.71394236,4.316022749
C,3.407244152,2.242905504,0.377369851,1.592855421,1.893868406,2.327965853,3.574787902,3.296351583,2.580997728,4.119928105,4.639910277,2.213998485,4.322855421,4.497191068,4.078946914,2.510391353,4.817727631,5.428795707,4.078954391,5.24183987,5.565189295,5.175907286,4.714275742,5.286571084,4.187593583,6.447449531,5.455488492,6.881437568,5.673052619,6.155629389,7.03279484,5.151541868,6.786391458,3.713185431,5.512483177,3.466465475,6.27186261,3.980787686,5.001306102,3.934793322,5.960978317,4.763988113,5.874083863,6.256441306,5.227924364,5.686458463,3.277191068,6.752957382,5.630956238,4.477591415,4.291589463,5.897856443
B,1.114249438,1.394281434,0.272475203,0.781920034,2.582021872,1.306261467,0.659021086,1.861615916,2.084088878,1.520957576,1.109423703,3.381120684,0.134710486,0.429144434,0.713984783,0.92629907,1.141697791,0,0,0,2.359328294,0.844598587,0.573248826,1.389694896,0.819441619,1.453685889,0.695196549,0.502637405,0,0,0.279410888,0,3.062560439,1.469516768,0.271182038,0.323967597,1.56666953,0.751202846,1.807858088,0,0.507941287,0.248169312,0.850161847,1.4395961,2.110439,2.226863802,0,0.009742546,1.643211547,0,0,1.819691956
B,0.551845017,2.383423657,1.836797905,1.947524737,0,0,0,2.915996671,0,0,1.403680482,0.303274789,1.627005573,1.05663865,0,0.083506073,0,2.055266479,1.459952495,0,0.675835593,1.51934343,0.589414071,0,1.428061819,0.127562294,0.694695986,2.158160484,0,0,0.722222668,0.460209664,1.395048537,1.741324489,0.13336044,0.021949872,1.942112559,1.150852951,0,1.547531647,1.199313546,1.775536447,0,0,3.701293458,0.90189937,3.821397509,1.082165379,1.85406266,3.139750347,0,0
B,0.7037488,1.445059069,0.196119189,0,1.696690717,2.822504186,3.661340086,0,0.905076744,0,1.466873197,0.466728961,1.781874399,1.047743792,0,0.762232217,0,0.399822106,1.296777379,2.194718163,0,1.803322964,0.929021348,1.614769255,0.780518633,0.77053063,0.243296257,0.746028078,0.131143401,0,2.030924789,0,1.867606966,0.186501914,2.145006697,0,0,1.769575535,4.305629536,1.692474635,0,0.511236653,1.612867526,0.227263309,0,6.383145086,1.35514269,3.214588598,1.375774403,3.385589471,3.348297307,1.354521364
C,2.696082846,0.640109153,0,2.219610616,0,0.297157862,5.386720855,0,0.513532553,4.715859274,1.819307091,0.835688369,4.949610616,5.835034036,2.410090029,0.450257615,5.074594515,6.071739658,2.645147771,4.735970731,5.711089684,2.261283994,3.937143442,5.411922123,5.148762317,4.860860239,4.663693318,4.918767851,5.152520607,6.369342636,7.805626458,4.528369741,8.065784976,5.895298234,4.98362008,1.091079955,6.839024688,5.825192555,2.809206501,4.934928357,5.279332547,3.62761541,6.036423733,4.411296722,4.164866029,5.8878421,4.615034036,5.413170868,4.53124072,5.763479316,5.869724616,1.384891346
B,1.772370854,1.925887931,1.266386224,0.79168089,5.456574738,0,0,1.593637213,0,0,2.278156909,0.911286811,2.546599599,0.914063419,1.331170229,1.252685182,0,0.715130299,0.158084157,1.806789114,0,0,1.217407134,0,0,0.859283284,0,0.134563535,1.963495897,1.665453875,1.448006897,0.229921445,2.711565481,1.444894472,1.40675816,2.966636875,2.492980062,0.17825454,1.823442507,0,0.571583998,1.806842733,0.821438754,2.263158104,0.142102722,0,2.093820417,4.068376363,0.765016878,0,0.806504099,2.00371709
C,6.833844339,13.47022763,3.897614069,4.268272841,2.365577834,5.483654036,0,3.828364772,5.793647791,6.663767619,4.961530341,4.355765194,6.998272841,0,4.269238785,5.71164904,5.914210181,2.668435677,4.24244459,6.027913821,6.187991383,5.508248019,5.921867609,5.821654568,0.06099475,6.628360817,6.685865111,7.105231529,6.481911323,7.06790287,3.714786319,6.119893838,1.293553822,0,5.572786939,7.157595334,8.692896079,0,8.407626558,0,6.038703166,6.52980641,6.567060834,6.466834431,6.8798189,6.546100782,0,6.905726912,7.339812655,0,0,6.412448546
A,1.370651164,0.462429671,0.603108504,0.250029076,1.18099943,0,5.832266372,0,0,1.924626486,0,1.50322996,0,2.790257571,0.24979541,2.741598127,2.039626945,1.586511318,0.073581043,3.842425242,0,3.712677176,0.958341634,3.113319972,0,0,0.686255921,2.293549835,2.497304657,0,5.504429123,1.392587685,4.056980591,9.40802006,2.830818627,1.908153059,3.756433233,1.601845058,4.737265107,4.181865421,2.909435936,2.531161271,1.907038745,6.467242852,10.05996738,7.576840458,3.420624776,6.825227611,0,9.624206513,3.793326054,7.0359888
A,0.835166842,1.64803314,0.857886642,0,0.150588261,0,0.410497357,2.993599179,2.584798985,1.049158255,5.894032979,1.477893803,0.501853647,2.68856017,0.349869522,1.8096563,2.238927635,0,1.209069375,1.539397574,0.764944547,1.435765739,1.990728272,1.333334317,1.242449231,5.948593907,3.645204563,2.142837445,2.932508104,2.541629582,4.233122695,7.884096069,5.658680569,3.973812227,3.138360111,1.479595063,4.478596309,7.219487626,3.477302989,6.918965397,0.21283701,9.928520625,2.819566725,5.390986294,4.880988258,5.498656433,4.468498733,5.106438876,3.932720482,0,15.05125304,9.328127451
C,2.870248808,4.845028429,3.44542707,8.709179832,2.271972275,5.078295464,6.451521531,3.722792594,5.380972278,10.88626935,4.897708369,4.080648185,11.43917983,6.621230951,4.231477452,5.300436915,7.73425403,6.449572156,4.210001754,5.926940025,7.221776289,5.442298648,5.766748445,6.709835966,5.713602819,6.592460958,6.52781917,7.060822074,6.378010751,8.582179353,8.259788753,5.995505828,8.817633483,7.177638833,5.560820319,6.683457511,12.7115529,6.909075681,7.970073444,5.522667799,6.023279523,6.302981217,7.717328547,6.425084225,6.66762759,7.973015159,5.401230951,6.875411475,7.120304403,6.519144313,6.797131656,6.310333391
C,6.075237082,0,4.614404988,3.83044158,0,6.12621418,6.94545669,0,6.447806494,6.247469043,2.471392965,4.791870996,6.56044158,6.985928595,2.795907504,6.363488031,5.734771139,6.624839471,2.976624757,6.187973929,6.086070007,2.935106064,6.167757051,5.734088316,5.975618602,5.227658543,6.936393976,5.372510938,6.646610855,6.918609588,8.470463606,6.317069333,9.166397734,7.772485476,5.105886181,7.909181929,8.296694675,7.411862724,9.10122036,5.795305843,5.436919966,6.889361725,6.45365536,4.837869564,7.216177098,6.405420573,5.765928595,5.722911658,7.687769411,6.869678941,7.227333246,2.428228744
B,0,1.308723972,1.847153752,1.449579583,0.006226739,3.241187525,1.703909354,1.921864392,1.273053753,0.336195117,0.224525148,0.657039192,0.243984774,1.091585416,0.123535138,0.828237556,1.166724982,0,1.062560836,0,0.926100613,0.148175393,1.306404738,0.181578409,0.877740456,0.707214838,0.991877699,0,2.068517524,0,0,1.236336927,0,1.805464215,0.185242838,0.302482058,1.853115319,2.00743731,1.89012775,0,0.748897163,0,0,0.731105184,0.118885846,1.1105179,2.172395985,1.609228256,2.636184675,2.519771115,0,0
B,1.436021922,2.474933921,1.745180206,2.032647029,3.127332658,0.352364415,1.505818543,0.911528829,0,1.24978143,0,0.530220649,0.330985354,1.294732995,1.079147269,1.065778563,0.462487045,0,0,0.3123438,0.791881569,0.56994392,1.225890628,0,0,1.206071113,0,0.890247562,0,2.050574291,1.81897387,0,2.5166191,0.843360588,1.281391955,2.227227869,2.54800415,1.55647946,1.688597458,1.553314215,0.129164393,3.406908349,0,0.893348125,0.838448734,2.895384836,0.11610327,2.429904025,3.56062715,0,0,1.740033794
B,3.479253963,0,0.470841932,0.03836737,0.549892431,2.659809226,0,1.180449223,0.785358865,2.077618651,1.841008735,0.114707752,0.946196402,2.314875685,0,0.9978036,1.646967789,0.609051566,0,0,0,0.431740743,1.911482104,1.46845259,0.320489631,0,0,0.30799076,0,0.800129863,0.70797466,0,0.777328444,0.73370537,0.630898698,1.145107253,0,1.3437195,2.187517375,0.006892017,0,2.526464727,1.72171883,2.843304765,0.672239476,4.777011185,0,0.163601696,1.975964509,1.662081117,0.461826605,0.355534725
C,1.142092118,1.174258176,0,0,1.265765545,0,1.962796492,2.587951481,0,1.31651562,4.211658326,0,1.374438841,3.306975187,3.825564509,0,3.609360181,4.856798755,3.861259649,4.355812678,4.878836583,4.73338027,3.353132519,4.696887768,3.332487028,6.206557808,4.068663322,6.583445585,4.76134348,5.15026767,6.345242948,4.060059096,5.648175301,1.771862442,5.432185936,0,3.603787279,2.33990754,1.161854937,3.045020286,5.857484095,2.773637175,5.110395634,5.976293155,3.365983163,4.739098382,2.086975187,6.549537705,3.704810169,3.33359751,2.887596944,5.212653321
A,0.594403859,0.457009264,0.300859006,0.476680805,0.758632365,2.502115953,4.674712811,4.137571028,1.806696027,1.225740062,0.827876529,2.849794256,0,2.292087896,1.879080226,2.066352972,0,0,1.150220373,1.579498275,2.119306338,2.006635282,1.621637019,3.028949503,3.757450771,4.40042515,0,4.949348988,0.888173198,1.831841761,0,3.52979039,3.546169622,3.407960504,2.738254463,1.768512426,4.604204894,12.07769107,4.452491175,1.359807613,1.461630533,2.028021639,2.62046542,10.65748885,0,4.66958471,0,5.740117849,7.611677847,12.92389085,5.220620987,8.312532394
C,2.911245646,5.397004344,1.01913878,7.355529527,1.547042424,2.903273275,11.5888037,2.905187053,3.166689761,9.59919201,4.403438017,2.60445984,10.08552953,10.41434968,3.93903416,3.094006464,7.179479314,8.272478731,3.958747658,5.385147495,6.906664251,4.931552617,4.934429484,6.439105905,8.438756082,6.314433884,5.679796079,6.716892287,5.820514089,8.12060679,10.45095928,5.328080247,12.44503343,13.36447327,5.468144628,4.139388236,11.48661033,12.13842383,5.62230581,8.358300248,5.903830854,5.085911039,7.366710927,6.101749036,5.529078068,7.538071783,9.194349682,6.640633058,5.942494553,10.16495746,11.2715387,5.519500827
B,0.561580794,3.034434916,0.808663962,0,0.167191612,0,0.051858476,2.369629916,2.325202153,0,1.264172749,1.82755785,1.703865015,1.566442263,2.034139466,1.327406288,0.809573257,0.599696879,1.500105322,0.855588396,1.935069752,1.283626141,0.4356722,0.439788503,1.51484187,1.291011142,0.723590177,0.449628245,1.166558213,0.824765176,0.915972733,0.316733214,1.53122727,1.053249228,0.753874205,2.907160287,0.482679107,0,1.744399687,0.316445872,0.693369101,0,2.648019607,1.379560354,0,0.841080231,0,0,4.542021955,0,0,0.563763287
A,1.115471222,0.143527177,0.62756169,0.187081071,1.863867095,0,2.654527082,0.977934956,3.660448046,0,0,3.561337799,0.027811457,4.071231291,0.88651412,1.54924016,0,0,1.781388016,2.802689785,3.712051556,2.81131081,2.625523219,0.217251214,2.776808004,6.420127801,0.834496224,6.174242628,0,1.015595129,7.604983989,0.82382585,0.975801216,2.504842951,2.29953275,4.639741043,4.849631858,0,1.983433384,4.303937004,4.96856582,10.47824622,5.834160151,8.520460702,2.53140151,0,2.516388409,6.31492564,4.965803782,5.643673438,5.888675586,3.3275081
A,1.4397269,0.23987468,0.739794712,0.309891573,1.784010845,0.711199456,0,0,5.199505849,0.149505422,0.44115671,1.11664519,0.878863894,0.442318145,0.013861616,0.21968478,1.981619646,2.12918225,1.356428765,1.210878856,1.120850946,3.048396616,1.859163815,2.036389718,1.634575029,0,0.619092125,0,2.876403649,0.766947054,1.868210916,4.830299305,3.779890752,2.529385348,2.720489758,6.863335308,3.63424794,4.886961885,3.990936029,5.20084123,3.31380791,0,3.594583188,4.4167232,3.707391676,6.931343874,3.690402369,4.966172055,0.78957546,14.82570867,7.644204497,11.45758228
A,0.77181517,0.825857933,0.797986047,0.109790143,0.096251068,3.645454134,1.141183946,1.804449794,0,0.733385673,1.679069164,1.360555162,1.337825798,3.101654323,2.449938991,1.242645448,0,4.312303501,0,4.776692578,3.891314781,2.865421925,2.60720163,3.075652374,0.477480343,5.400321942,2.927531616,2.314053074,0,1.577306515,3.257033154,4.95765794,3.271393355,1.556001963,2.906691063,3.610944397,2.52764168,6.676144555,1.705463609,10.25994598,2.828349879,16.28464201,3.16188125,6.131400292,0.793568285,2.359277628,0.150524207,6.366678458,0.798041582,15.81156291,4.456490733,7.672790933
C,4.917426339,4.17463296,0.819098877,6.665347763,8.449522952,2.723949478,6.488692591,10.69008697,2.984129072,8.942953611,9.10967474,2.482752715,9.395347763,6.64867625,6.723557554,2.912093153,6.896617936,6.462761887,6.351084659,5.34047839,6.745998987,9.794663898,4.865807382,6.301069553,5.733320801,8.961692041,5.609879219,9.991648673,5.774550227,7.885266123,8.275643076,5.273053089,8.843879715,7.222403981,6.350564014,3.929637657,10.8620524,6.946912888,5.42873969,5.543185158,7.041171395,4.985567398,7.187942535,9.180412226,5.435208211,7.316308462,5.42867625,8.876095501,5.845387804,6.545523774,6.82950645,13.04947958
A,1.64462745,0.621688014,1.448658225,0.28590871,1.282457202,4.029132478,1.04468674,0,1.89781198,0,1.972869741,2.750509539,1.813036871,6.313892976,0.281862329,3.150536367,0,1.034198605,1.104842579,1.316716959,2.725983721,2.66588379,2.538692168,1.645050143,3.532021141,2.347765139,2.458110648,4.77743373,3.522854293,3.342371205,2.479325326,2.964158741,3.645588579,2.071746213,3.389854098,4.087586809,3.227825817,9.373380923,4.423512627,2.042256739,2.680275388,21.01483415,1.361142585,6.859035434,0,5.298026904,0.57140343,6.170889237,18.02905281,4.381523348,0.548745292,4.284531949
A,0.313720834,0.360409649,0.339379369,0.447131664,0.159774271,0,2.979621916,0.162831707,0.092420432,1.634275987,1.759945901,1.860080484,1.025316688,2.861248089,0,1.977064716,2.711486143,2.915357292,1.437518119,2.029033369,0.371785403,2.8995609,4.608001798,2.064364103,1.647423063,4.524720561,1.99471747,0.971757606,0.922842567,1.210166014,4.139896169,1.327257771,6.21965008,5.784849828,2.799227897,6.89383976,3.784203425,7.124324445,3.650306616,6.529212357,2.414837199,2.389270889,3.122523969,9.867953409,9.627798915,4.173853254,4.757067578,6.309014698,9.506280639,16.32729388,17.72128647,10.81544965
A,1.267783061,0.104410355,1.036324454,0.432316984,1.224777446,0.102625981,3.02716599,0.459540211,1.088222042,4.124139946,2.87312359,0.214258872,0.136274794,2.377046116,1.212149626,1.346919743,1.494141923,1.965753692,1.075631223,1.695427393,0.281313099,3.918679181,1.568203568,1.828439473,1.196641962,0.700230584,4.14243623,1.565310333,2.695544375,0.310443378,5.188365253,3.841790296,4.111067536,5.388057298,3.702410933,2.375624923,4.830244705,7.322461981,1.6544355,2.061747324,2.664057847,5.216562953,5.052588403,9.601385696,0,3.249691131,1.273909507,6.132807148,4.87724792,8.615878295,13.99372752,6.959219489
B,2.818358394,1.810470644,1.589192792,0.741003072,1.551992793,1.722116005,0.187764269,0.603335135,3.316108545,0.835067331,1.243616008,0.686784921,0,0.432850909,0,1.042369398,1.279938746,0,0.050333591,0,0,0.122839781,2.229527308,1.130809503,1.270896019,0,0,0,1.239016633,1.332617638,1.590174016,0.325522753,1.687580755,0.223412165,1.511454052,0.569942258,1.493508139,1.640592042,0,0.279301767,0.293991572,2.678052755,0.609218658,1.690429281,1.590147777,2.878944355,1.579744135,0,4.045181371,2.072529323,4.519245974,1.488229124
A,0.802977824,1.255698589,1.019918352,0.361336732,0,0.896565538,6.464597657,0,2.925449475,0,0,3.009227949,0.199971165,0.437422972,1.805460677,0,2.079771541,0.002576091,0.266609015,2.444942454,0.095384393,2.427484401,1.902430275,3.238172199,0,2.088011133,0,1.82485204,1.571768174,3.024459878,1.327498671,4.731883111,4.606042747,2.572611721,2.597899251,0.709996108,3.179554567,4.255059563,2.857328645,0,0.385621904,7.958010427,4.93665052,6.995413119,4.400412838,1.646422957,6.651192158,5.496641434,9.584045801,8.664183514,0.190452219,9.157019984
C,0,7.078874075,6.953028277,0,7.732900789,8.222649944,8.567058845,9.881851174,8.582084059,1.193909822,8.62106872,6.214722706,1.245491365,8.183240581,6.434465659,8.490197236,3.556512854,7.200246687,6.102709933,6.71019078,4.848819301,9.289771011,6.970003228,4.671098273,6.83582333,8.686851155,7.753776874,9.651660318,7.183964426,5.106298695,9.162114704,6.960379947,10.31139997,9.725382695,6.258950385,10.36133062,3.487100382,9.062525849,11.36416005,6.690383735,6.923091607,8.06245755,5.076996124,8.860782454,8.313589321,4.697666078,6.963240581,8.644007642,8.823023436,8.020493374,8.639696413,12.26770995
A,1.369198303,0,0,0.897230246,0.754006504,0,1.985284171,3.12104326,2.575457337,2.69106904,1.689713186,1.459656569,0,0.903982363,1.411255023,3.606797754,0,0.702543859,1.236909872,1.411212788,0.487851388,1.318009095,0.69666781,1.041652,1.120976266,4.438883952,1.600345219,2.173337145,2.446086463,0.020035694,8.199839363,0.492397978,2.306938935,2.859083725,1.276449777,3.595927161,2.464007974,5.84725647,6.429607373,4.200759605,2.262461878,4.725253347,5.027421457,8.01964035,9.781228943,4.443486146,6.975851207,5.577550719,1.018083093,9.442286472,9.049392365,4.989679745
B,4.231715992,1.524843105,1.215948797,0.627794117,0.858969881,2.623485827,1.59253618,2.095338501,3.076440593,0.667650206,0.006108632,1.698596458,0,1.783366981,4.87075633,0.50337271,0,1.716198964,0,0.407827101,0.403896586,0.486485867,0,0.67868775,1.678981539,0.872070598,0.564483515,3.70867751,0,1.522576123,3.056846181,1.173845364,5.076468268,1.373972985,0,0,3.059100109,0.143134652,1.273889793,0.61895802,0.809039672,0,1.640356014,1.407327228,0,2.362391359,2.463686901,6.339955205,2.687894224,2.581845788,7.558114314,0.724317694
A,2.114147723,1.268448705,1.957446841,0.381132771,0.654675642,2.65787863,0.898232513,0,2.840616061,3.222573196,0,1.670592083,1.425526007,5.40441319,0.236937702,0.696571141,1.279213841,3.34292112,1.246243778,0.616160339,3.475817265,2.612402864,4.481160029,0,2.06541688,3.856308121,1.527698364,2.237468414,1.708058229,1.134519679,1.752836147,1.138460268,4.864683281,3.046459279,3.511582233,4.035612484,4.538671799,4.997541855,4.196562776,3.294858033,3.673694566,4.922728066,4.441540613,13.85739335,0,12.86280911,0.939838279,5.919746782,8.282005,5.034018903,0.26962587,6.547660471
C,4.775677838,2.152773101,0.457963337,5.616701168,0,2.400213088,4.517690721,0,2.654549065,7.945879799,1.140231053,2.26303271,8.346701168,5.193384546,2.008303373,2.58368187,6.466844741,5.763374127,2.299950785,5.259836473,6.501887813,1.559572088,4.741922698,6.091340234,4.687771422,4.478879968,5.483657089,4.446244108,5.691570864,7.527694824,7.434964859,5.173711598,7.452168717,4.848724309,4.856293323,3.550971266,9.913113188,4.940588404,5.079291384,4.455248641,5.115222505,4.804415266,6.916325876,3.967067814,5.265743313,6.979366277,3.973384546,5.09060975,5.67007929,5.146748253,5.112827402,0.298369685
B,0,0.035526249,1.437018731,0.399611389,0,2.076301982,0,0.12257237,2.608337495,1.489656065,0.808707579,0.284043478,0.734842407,0.624931074,4.845880331,0,1.425409104,0.74352046,0.659194365,1.162110563,0.627383309,0.503045855,0.525516134,0.815094902,1.010167842,0.002065201,1.109639756,0,0,1.864222919,1.38472894,0.850724293,3.058295113,1.659141297,1.474559626,0,1.099854174,0.94483187,0,0.787185891,1.100128272,1.62007363,0.912562722,3.850348231,1.764659233,4.631648602,2.41343259,0.916106562,2.078352239,1.517746525,4.546955913,2.972184065
B,2.297132733,0.126831514,1.16639798,0.518324788,0.423820868,2.403336995,0.029037435,0,0.265483236,0.002935135,0.604207354,1.323305953,2.130783146,0.121757678,0.740409105,1.207041462,0.72451015,0,0,0,1.402567334,0,0.470832765,2.028156766,0.222204176,1.464101308,0.364618758,1.232038286,0.293145099,1.201123406,2.711082125,0.639773591,3.027851733,1.53441217,0.119292922,1.405445018,1.568748635,0.143394336,1.194199912,1.673167199,0.714298484,1.290821178,2.819537507,3.194311513,0,0,0.422188846,5.433518542,0,2.264597051,1.751926604,0.743867999
C,5.482900918,2.137540861,5.507014204,0.766350917,2.575366975,6.926384901,2.79353907,4.064973548,7.26242073,3.334071363,5.104568392,5.334947153,3.496350917,3.920355013,4.353869632,7.175213564,4.478996277,5.15157838,4.315155599,6.387294434,5.372789886,5.656054005,6.473959565,5.121270183,3.773167679,6.70881972,7.248373897,7.204762173,6.851708765,5.873804903,6.699574012,6.562609085,6.234756978,2.772326622,5.599606573,8.84512169,5.52394378,3.185537978,9.964942547,3.503566369,6.073270695,7.337110685,5.660005647,6.560405156,7.635039028,5.420893081,2.700355013,6.973669986,8.121074856,3.92315676,3.611146932,6.641309427
C,0.591802576,3.416164481,0.739727888,0,1.008859485,2.652798139,2.359399869,2.298202317,2.911693412,0,4.036495103,2.434462275,0,3.599807789,3.721926269,2.839914358,2.68854227,4.997528986,3.772218344,5.322754771,4.355812009,4.552378273,4.838579793,4.247528628,3.542871615,6.108028496,5.582137903,6.461561176,5.75631288,4.384147169,6.514403528,5.251219646,5.928214244,2.249492315,5.399342832,3.846413708,1.570621332,2.743618505,5.351937341,3.263933978,5.815152983,4.945753471,4.528438715,5.861707213,5.397962925,4.01717714,2.379807789,6.466335174,5.806858198,3.615057972,3.233025692,4.932392165
C,0,9.295378192,6.234108527,1.387100491,4.118312003,7.57818143,2.019395211,5.805170072,7.925982539,3.92429227,6.156576366,5.777321693,4.117100491,3.348764923,4.976307683,7.836422317,4.733401841,4.876882172,4.849926319,6.549655302,5.517292245,6.743128911,6.723383508,5.245420098,3.362510721,7.300574206,7.502503951,7.936784388,7.018775746,6.085470331,6.36938362,6.76261885,5.688139271,1.84002434,5.796858069,9.607511853,6.085671264,2.397520573,10.66850631,3.076261156,6.327505955,7.701834374,5.820789963,7.248593706,7.976232157,5.620347043,2.128764923,7.473373774,8.474033265,3.373764343,2.936892603,8.324522185
A,1.438808719,0.495744098,1.025830022,0.284475539,0,0,2.937396646,2.01990843,1.4961459,3.544103447,0.919189342,0.902658049,0.677583394,0.824806961,0.93048903,1.249926181,2.495978463,0,3.074837638,1.496475756,0,3.629411845,0.660575161,0,1.782279811,4.980237436,1.336554751,2.201324355,1.258924166,3.122111597,5.882878327,3.532132452,3.568452128,3.186148161,3.605512003,4.102726713,3.877501484,2.553744427,4.028781467,2.285507748,4.367827743,6.565325633,4.153096256,7.634162025,12.79800056,0,0,5.749111842,7.102845029,15.45131951,4.137285513,8.42010172
C,2.210189281,3.004807815,3.551359272,6.821195706,0.334488081,5.173257341,6.281655592,1.53761866,5.477648268,9.091136901,3.576696419,4.145098845,9.551195706,6.495810222,3.449878714,5.396770082,6.960490043,6.389297146,3.538487346,5.950594789,6.782278345,4.077252966,5.803087647,6.332239141,5.623494723,5.849391736,6.564844017,6.141617925,6.40235116,7.938407716,8.187336973,6.024645754,8.6976923,6.9730691,5.313130579,6.794532052,11.00308202,6.736165549,8.072577419,5.428906671,5.704034968,6.356118729,7.228309707,5.560922241,6.717336875,7.366384194,5.275810222,6.247930799,7.171727802,6.398594291,6.649183903,4.19671427
C,4.606364827,0.802311189,8.683803425,0.237488729,6.741932825,9.774186242,9.627818568,8.764196964,10.16162643,2.831218791,7.945408744,7.267750951,2.967488729,8.966453853,6.034700174,10.06413839,4.262249479,7.576645298,5.759249445,7.096674551,5.249677704,8.591589036,7.563731919,5.015497746,7.398520244,8.306792419,8.358707993,9.181513584,7.581650625,5.693471567,9.614553439,7.436483143,11.06039519,11.00285677,6.13226414,12.17612398,5.04536685,10.1422956,13.03892306,7.275892686,6.759807113,8.930645731,5.523021671,8.41878822,9.125765361,5.250963592,7.746453853,8.323069153,9.663205546,8.773290597,9.563583914,11.18665399
A,2.014299075,1.095454718,0.012244152,0.081217457,1.566082272,0.757720383,0.066960904,4.224595846,0,0,2.860685761,0.070273218,1.426889704,0,1.195974353,1.84992311,0,3.003368367,0.418694207,2.022338999,2.561796053,3.543851585,0.603077963,0,0,1.662264885,0,0.143561726,4.884191079,0,3.13858634,2.264251318,2.347954554,2.763311478,2.412619435,1.279814547,4.045804479,5.64707315,6.370839919,3.177640764,4.401598077,7.913291255,3.356923116,10.36988944,13.64051857,5.083117854,4.032655775,5.869443153,0.921660284,8.214964663,0.487534616,1.058279984
A,1.563884443,0.841040037,0.906525145,0.673175317,0,0,1.94570411,0.388142785,0,2.445876658,2.536632674,1.305401675,1.237999205,2.017425953,0,3.003859474,4.085379253,2.309331232,2.051553985,1.883578882,0.6631956,3.722351107,2.269092427,1.181869184,3.183883622,4.639891785,2.873908263,0,0,1.318349204,4.295561689,3.212149706,5.676822714,4.389615288,3.903894023,3.695736133,4.685087895,8.839310764,8.215517545,7.96573741,1.362703203,9.628595932,5.082459893,4.803269726,0.277071042,9.4520621,0.029464642,5.928334072,5.80191936,3.409151367,8.846190148,9.457083113
A,0.482255477,0.629077567,0.92018762,0.364007304,0.689860013,2.390676135,5.049898862,0.510383125,0.635064352,0.111123609,2.268923431,0.256868244,1.326419916,3.641282405,2.7982173,1.268946489,1.150752717,3.912069807,1.164406683,1.397843318,0.616812189,1.986666689,2.661295714,3.829028229,0,0.762522558,0,0.916248234,4.029314376,2.96143567,3.615577111,0.506772541,5.956923072,3.393881526,2.604237349,3.623276235,3.22531352,1.583625514,0.803312168,5.124404112,2.338383312,8.665224981,4.704231923,5.190916104,11.85736961,5.872932148,6.175612285,5.671129129,8.800757495,0.002843325,0,5.958128098
A,1.463568382,0.728330087,0.714234102,0.257960813,1.913921477,2.707754501,4.569188348,0,0.39847081,0.540334623,4.620050136,0,1.306474697,3.565806395,0,0,0,2.274764885,1.979719411,0.643472238,0.994706146,1.973942313,2.165986059,4.336002358,0.521474307,0,0.365950191,2.119387534,2.289441632,1.110701434,2.710450485,0,4.783004109,2.346247175,2.015550191,0.620847437,3.388897329,0.019289761,3.683236691,2.002899152,3.338706237,0,2.375345343,0.939086308,4.893960528,2.07483316,1.103843457,6.247828055,8.337817052,2.334316349,2.756436952,5.360141311
A,1.239935288,1.010286724,0,0.513516364,0.62328898,2.526652596,1.484529428,1.341365242,0.515756882,0,3.379448112,0,1.223969521,2.055107933,0,0,2.973468502,1.677739821,1.467680965,3.263813808,0,2.577483542,2.512094018,0,3.417305437,0.010350977,0.135811026,1.117984141,1.970469903,0,4.404105516,7.322100193,5.936682904,0.526335908,3.021298536,6.966435627,2.782829159,2.279687775,5.942294655,6.965054496,2.498387702,4.013172542,2.000264225,9.048199732,7.37329404,8.16157643,3.461882003,6.768888279,0.658234057,0,11.34358993,7.662429173
B,0,2.385934908,1.042230227,0.855969398,0.496735331,0,0.124421965,0.854050446,1.788563126,2.336039111,1.007179218,0.48578807,0.101271515,0.445534949,1.296124284,0.732902002,0,0.678293706,0,0.715635919,1.898440944,0.829011849,1.499362997,0.446809233,0.92960147,0.809568121,0.646091224,1.747742075,1.075754262,1.507344929,2.431101094,0.977330185,2.810293029,1.513735434,0.263151564,0.629975729,2.913146946,2.03363219,3.81247677,1.762831781,0,0.81417349,0,1.626764652,1.857382877,2.772272768,0.494757519,0,0.415262733,1.668471,1.812608841,0.352007614
A,0.336905582,0.144690966,1.683742778,0.138709482,0.989190977,1.470783374,0.584425623,0.946674782,0.365020959,0,3.922983292,1.754349633,1.120762291,0.445574591,1.038690887,1.684881335,0,0.535342626,0.515341719,1.510348813,1.713799144,2.72400423,1.614093931,2.371876063,0,1.178099473,5.697210601,7.103876453,2.514525939,1.673742114,4.786359227,1.639934273,1.222318845,2.603878784,2.769229636,2.954488288,4.651921807,1.353917007,6.849701157,3.734696549,2.898209929,9.465059121,3.702445462,6.856080077,10.1542554,5.906431111,6.473766476,5.429145604,9.847705041,0,13.20482727,7.462328356
B,3.406091776,1.141414918,1.116223329,0,2.623923066,0,1.644799611,1.432648966,1.054343833,0,0.50614052,0.921373027,0.604210307,1.744641265,0.845096357,1.115276301,1.051920648,0.464622864,0.223119395,0,0.862060363,1.009006671,0.968424501,0,0,1.167973085,0.48974522,1.8272397,2.126860245,0,0.263654484,1.296859889,0.107750259,0.120736807,0.870414514,1.560679575,0,1.437805954,0,1.010760778,1.097955955,0,0,2.359786459,0,0.991406881,1.301307652,3.150703803,0,0.301946457,0.918699843,0.195336624
C,3.024330739,9.050156365,4.685864873,5.870920626,13.30953667,6.190273689,5.349400717,16.17140926,6.513022311,8.187596661,12.42332046,4.835348208,8.600920626,5.807478666,8.684131272,6.428472587,6.571033043,6.058497029,8.035521234,6.203930991,6.561066769,13.21876448,6.192270798,6.142184125,5.128965255,10.82561776,6.961370247,12.29739382,6.66303044,7.614379492,7.78970855,6.336726583,8.039433482,5.850353552,6.971872586,7.984110741,10.14316096,5.787203598,9.170367628,4.914328711,7.841969111,6.925207299,6.982172883,11.3480888,7.249710054,7.061049906,4.587478666,10.45007722,7.722458676,5.736994058,5.83721998,18.35131274
A,0.864778853,1.391394653,0.481765039,0.477460061,0.745988797,0,0,0.145063182,2.053311018,0,0,0.424757873,0,2.563220272,0.669822482,0.470445475,2.362148637,3.193190643,1.592037426,0.557073629,3.745944695,0,2.243635989,2.258473726,0.895970119,2.143679576,1.636951528,3.579576628,3.980909363,0,8.721115887,2.293996751,4.2240464,1.306397326,2.767920929,2.818604549,3.989905343,6.274071465,6.30522124,0.366007754,0.943025286,16.16375482,4.779595087,11.28063015,4.824630748,10.85396815,2.412375685,4.782218112,0,10.13521284,3.331178622,8.612844429
B,0,0.852558627,2.346270438,1.179683119,1.979316787,0.995374987,0,0,0,1.417020294,0.276723778,0,1.775524011,0,0,0,0,1.922289145,0,0.991924778,0.286991138,0,0.434269782,1.002238216,0.975162107,1.154017252,0.725619488,0.852628929,0.096898311,0.854942551,2.126785531,0.380586837,2.129226585,1.103905639,0,1.852250115,1.89015515,0.472323053,1.623616562,0.856510988,0,0.98006887,5.136433673,4.010117346,0,4.207681053,0.683762751,0,1.499980456,1.181511984,0,0
B,1.684822735,2.315299002,1.835264701,0,7.506296944,0,0,1.300710752,2.481266806,0,1.864775196,1.306373117,0.95903517,1.774891627,3.332148886,0.630657722,1.023642503,2.631392128,0.97586331,0.658699277,0,0.920278005,1.239385642,0,1.465517289,0.418635512,0.683199745,0.698740379,0,2.737186061,2.542502553,0.865204154,1.639078346,0,0.498192803,1.935423224,1.1173432,0.960318029,1.427605311,1.317353772,0,2.18389045,1.532565783,3.359232006,0,1.095216015,0,1.306730773,2.245650606,0.112352577,0,2.195270112
A,1.328971738,0.810391884,0.681119821,0.194310429,1.291056645,0,1.787871616,0.810745206,1.421369952,0.942985548,3.435298374,0,1.107433782,4.500213748,0,0,0,0.04937887,1.422653304,0.175056477,1.633065902,2.552612955,2.370174544,2.00634597,1.843447593,0,3.930988261,2.307956015,0.864330794,2.962843158,0.172071418,3.377581108,3.299158023,1.183198447,3.216297952,3.744544734,2.765640527,0,2.690455921,6.799949148,0.501356923,12.26085339,2.860047038,4.829824425,2.138035592,7.280117812,7.397361984,7.150505662,5.298079667,4.067451636,2.623721029,4.657387488
C,0,2.974520243,7.175677355,5.169046625,4.736194327,8.422241513,10.69715501,6.502043034,8.785278363,7.520241053,6.577859769,6.350185575,7.899046625,9.755999755,5.22556703,8.692670993,6.283379764,7.956087261,5.064078716,6.759908536,6.397679706,7.178455094,7.046381229,6.001809325,7.965766814,7.53754612,7.831595969,8.229927422,7.235123276,7.375051964,10.07065034,7.021626457,11.81544637,12.29065979,5.875848707,10.59478791,9.50802252,11.23079578,11.57960365,7.866135739,6.429316111,8.174142363,6.800376011,7.524183265,8.418068662,6.835529735,8.535999755,7.67348339,8.931105512,9.532174522,10.49494146,8.99857563
B,3.398062871,0,1.004153607,1.561671565,0,0.54504778,0.653895629,2.343992807,0,1.396113626,0.717917611,0,1.447767439,0.613960863,1.099916581,0.305026513,0,0.913376872,0,0.892724769,0.447542509,0.456281548,1.115450414,2.728930392,1.073426416,0.45663727,0.522682116,0.423374942,0.245877977,0.234286427,1.722997532,0.960409968,1.172377541,0,0,1.35693348,0.34433489,0.913969133,0.394787584,1.316486001,1.115211093,1.518993935,1.350218428,2.568495484,0.79974679,0.388823349,0,1.214993544,0,2.14602725,6.479253417,1.16234137
C,6.138733682,6.6195481,0,2.79268624,0.371760629,0,5.986351996,1.579656164,0,5.260750851,3.60210952,0,5.52268624,6.277772442,3.464914799,0,5.309461574,6.284511999,3.551405673,4.349499511,5.844494174,4.10351317,3.343434032,5.526537248,5.46684622,5.863686605,4.058781844,6.159301208,4.754847323,6.564752029,8.06138311,4.052282007,8.489180442,6.617434662,5.317895535,0,7.357611155,6.435569774,1.134497882,5.265907554,5.710176467,2.759455424,6.184859715,5.577546644,3.352716364,6.071977874,5.057772442,6.260002022,3.691085894,6.189023997,6.391983997,4.237375232
C,3.196219098,1.326385524,0.456888382,0.469454102,0,2.399249456,6.801565135,0.768315176,2.653568038,3.051776031,3.111626303,2.262378692,3.199454102,6.879686085,3.174712229,2.582704322,4.357317255,6.573781177,3.302076704,5.259596435,5.303676201,3.596680513,4.741553943,5.06189082,5.899289032,5.587789795,5.483281376,5.818006636,5.691323868,5.772567956,8.409090506,5.173415898,9.064796887,7.599196722,5.225929932,3.549844129,5.255276499,7.265392467,5.078251218,5.715881831,5.591643023,4.803876049,5.583104505,5.256688873,5.265238885,5.325496728,5.659686085,6.027022494,5.669557467,6.767562354,7.102008343,3.452602085
C,2.61179929,2.189524622,3.316284985,4.245869656,0,4.962527316,3.23201738,0,5.263114452,6.64246623,2.613568815,4.002076301,6.975869656,4.244106023,2.880028215,5.182997025,5.905028547,5.307167457,3.048897481,5.898102472,6.182776215,3.082021108,5.722447276,5.817173931,4.005765492,5.307632458,6.482682131,5.471441633,6.348337327,7.060263751,6.886595227,5.959981306,6.544363526,3.300386522,5.132544153,6.548046392,8.672623033,3.631874322,7.845110713,3.745593823,5.47127913,6.238201206,6.561258042,4.930876266,6.607026935,6.538902381,3.024106023,5.790445187,7.05761407,4.234334915,3.993047395,2.655710103
A,0.865261522,0.780243499,0.326261909,0.285715567,0,0.867455614,0.939735189,0.460998768,1.396001189,0,3.487885506,0,0.588242729,5.058795745,0.476744852,0.324275488,5.151610542,2.508826803,1.941683524,1.990164658,0,3.07389621,0,0,0.053766656,1.491159123,2.287652071,2.152130162,2.2459189,1.693226776,2.870234425,5.263290906,5.301150971,5.646265755,2.73200578,4.76178841,2.419707033,3.965922194,2.03275892,2.260845094,3.273610234,0.088946307,3.489966104,9.064179235,2.655452983,3.768255906,1.18571617,7.476138963,1.887874532,5.373054609,8.576230793,3.161272478
C,3.51112982,7.798155144,4.959029788,7.210673397,1.828371327,6.43514968,9.847641345,3.222481298,6.762318447,9.461459951,4.595253178,5.001545631,9.940673397,9.128760277,4.052524797,6.676884694,7.120112048,7.654646929,4.056253699,6.264928982,6.872943643,5.129761617,6.285977856,6.410134679,7.515128742,6.422329913,7.056845363,6.85036367,6.725796488,8.071213224,9.708312975,6.411869035,11.21561056,11.26758958,5.504109971,8.270536088,11.3555274,10.36605786,9.434692254,7.397228556,5.950186185,7.062231771,7.329190814,6.22722812,7.377894237,7.491527845,7.908760277,6.731745259,7.855063004,8.929293858,9.755042462,5.826405084
A,1.315513877,1.394223909,0.911204154,0.099514194,0,0.852264369,5.368841328,3.885434722,2.577879413,3.005122676,0,0,0.819174348,3.582978019,0,0,1.311774206,1.447963806,1.022486219,3.592810419,1.638958644,3.140784907,2.539271493,5.747915189,0,4.309067862,2.560757641,1.380001299,1.692929921,1.607942026,6.790604789,1.425961456,3.940229597,3.270837124,3.578603352,1.200763087,4.175438806,1.453667703,6.541707143,4.321877924,5.124625447,10.23914967,1.079184676,5.364542372,5.668940941,11.68757461,2.642867108,6.277606208,3.394134182,14.47412712,11.60986215,9.299987094
B,1.017443777,0.914958877,1.548988102,0,1.758947244,0,1.543252936,1.66159684,0,0,0.743325255,0.232810323,1.838048407,1.262093504,0,0.492366449,1.982049852,1.170274247,0.485983657,0.662778361,0,0.932983464,0.49877176,0.641152335,0.258015564,1.331607212,0,1.862349151,0.964447003,0,1.349515624,1.377665651,2.488296526,1.01763387,1.015473826,0,2.638973652,2.051515357,1.644738349,1.179490178,0.512616511,1.862611038,1.49643506,1.067621862,1.587679453,2.819322339,1.443495644,1.722868221,2.048074251,0.174673564,0,0.157303875
C,8.597076715,0.799358185,5.423536608,3.636150035,8.954371091,6.851552234,1.645090029,11.25947535,7.186237293,6.06273282,9.45388938,5.284158195,6.366150035,3.072396222,6.927217883,7.099300281,5.655143457,4.744064204,6.526060435,6.368653806,6.040841484,10.15035236,6.445323238,5.695230007,3.163954567,9.155312777,7.219197261,10.23116469,6.832527829,6.852359356,6.20973374,6.539645992,5.423844931,1.389248207,6.415104259,8.757591783,8.120876753,2.016507413,9.884166491,2.869655428,7.1243566,7.29523681,6.403330665,9.40558597,7.595866693,6.34299247,1.852396222,9.039597456,8.080551751,3.108128408,2.610884864,13.60022301
C,8.300706043,2.069417639,4.393217286,4.719429506,0,5.927932648,3.08186774,1.088800373,6.245945872,7.092736252,3.305370502,4.657297248,7.449429506,4.133242848,3.289344214,6.162343228,6.099110453,5.253888553,3.400563339,6.138582501,6.293014738,3.796882853,6.091880363,5.911885901,3.926116221,5.696770908,6.859085653,5.952820308,6.595787791,7.221739897,6.822552907,6.25622482,6.438343888,3.119561149,5.262256969,7.67725696,9.101155881,3.479033829,8.887190836,3.662715527,5.638464538,6.778409965,6.683917807,5.38342987,7.112383516,6.691062596,2.913242848,6.119050989,7.580396741,4.127777106,3.862271903,3.762592804
A,1.799759711,0.106428524,0.997136738,0.10135633,1.196150646,1.936755458,4.959848223,1.983721136,4.317204129,1.197130769,1.840692387,1.4291759,0,1.136121426,0,2.407333404,3.767830633,0.351104328,1.42348116,0.895142518,0,3.856809531,0,7.417197581,2.328819336,0.390264694,3.346906785,4.91367615,3.815643944,3.691465398,2.593288832,6.261594446,5.990940493,4.265061307,4.459565727,5.025767201,3.585699522,5.685832097,6.374543836,3.639067046,2.946682871,9.359896352,2.945604035,5.035975451,2.858162003,0,5.599630746,5.606922168,0,5.978165399,7.188527938,5.97985563
B,0.427286171,1.751446211,3.005912075,0,1.158466282,0,2.090770065,2.580929546,0.245612141,0.070888213,1.880812544,0.723426076,1.959774541,0,2.843377543,0.145746206,0,0,1.008510361,0.398707143,0,1.886582111,0.196450128,0.67499918,2.066490129,0,0.867332177,1.160524206,0,0.184108468,1.575873849,0.707926212,2.30350189,0.924819993,0.800594789,0,0,1.301392014,2.412915582,0,0,1.386881553,0.609341577,1.586441295,0.225576464,0.186717165,1.818689766,6.093908421,3.203716872,1.637435448,0,0.352510883
A,2.277564412,0.313010059,0.78521415,0.45512428,0.175434746,1.039721869,1.102974232,0.161513258,2.731258009,2.75907878,4.563534908,1.019332031,1.184498861,4.518113696,0,0,0.614580829,1.697455574,2.022055798,0.489952647,0,2.881797377,1.111429215,2.855012359,1.978058493,7.145266654,0.897264319,1.300342387,1.944373374,1.487334251,2.054111269,0,6.275297968,3.296036539,3.881940867,2.943057985,4.558703238,10.33237365,0.647772203,3.338392873,3.686994334,12.04787099,5.190337901,7.876220448,3.434841682,3.763917616,2.575520117,5.8933738,1.297232119,0,12.0719413,3.857431691
A,0.343601918,0.776129491,1.204602961,0.387804187,0.890783934,0,2.172459124,1.96745787,0.066578959,1.303363161,5.787090045,0.19968913,1.832719245,4.219613169,0.146847795,1.101538073,0.972030732,2.785495637,0.309216409,0,0.387426688,1.91235406,1.083003311,2.678467341,2.778808893,0,3.849804491,3.678041151,1.855350327,0.475987898,1.928471306,4.140867965,4.279764342,5.456133068,2.442337629,2.965983618,4.130425594,5.724303916,3.62093312,3.384178882,3.851276476,7.778070993,4.731526928,6.725458811,2.968615747,9.214160114,4.258420737,6.465026645,5.323511322,17.5719181,7.332158206,7.074865674
C,3.960913262,8.969123388,5.644077932,1.830049706,0,7.049254327,4.804496896,0.84242467,7.387508015,4.345457098,3.156428012,5.418338677,4.560049706,5.405148246,3.201219907,7.299857278,4.914938404,5.86514406,3.324850906,6.417900897,5.620405014,3.642975613,6.52097819,5.334009941,4.839912332,5.612990757,7.296279665,5.849181158,6.883202373,6.236508752,7.557294375,6.6003127,7.654680604,5.194125294,5.234330252,8.988838996,6.486503996,5.232534475,10.09757056,4.613557427,5.602470103,7.405864335,5.935521071,5.285996658,7.699356958,5.762671709,4.185148246,6.048303306,8.187610647,5.35028812,5.362626329,3.524284819
B,0.246921571,0,1.530777949,1.351808686,0.797600839,2.141858633,5.794425576,0,0,0,2.556982064,2.609540304,0,0,5.79197269,0,0,1.140788667,0,0.26973511,0.789515155,1.245093124,1.00663724,1.086273821,0.873761883,0.63797595,1.279122956,0,0,0.816672378,0,0.466366421,0.740173699,0.478797936,0.47371564,0.145464528,0.353015153,0,2.356414133,0,0,1.244754884,0,2.007551894,1.777134612,5.878236101,0.844560232,1.055969271,0.744999355,0.337401379,1.841021364,1.556994052
A,2.304968352,0.187075056,0.851293703,0.448345907,1.029430262,0.965974558,6.060027856,1.969676242,1.59718651,0,0.25248698,0.618665463,0.613554604,1.739017347,0,0,0.464290809,3.237448292,1.369938547,2.509106146,1.529575524,3.488954212,1.18340616,2.905484813,2.041993129,1.708860436,1.909188474,3.852211682,4.200663746,0,1.043673842,0,4.889216492,5.561674562,2.454060561,3.157221705,4.110455864,5.75028569,3.87494203,5.057499635,5.539895385,5.494505614,1.845710539,9.269847592,11.47551455,3.568313955,6.660095019,4.768552317,10.05645099,12.10880479,9.416288758,7.644295395
C,2.438152081,0,0,7.029644843,0,0,0.472744173,0,0,9.289334441,0.930989064,0.326973785,9.759644843,2.206793189,1.884501863,0,7.045920018,4.328070513,2.193586108,4.549261655,6.83080257,1.343355366,3.650315006,6.373928969,2.542065009,4.361181349,4.371453025,4.300646557,4.960399674,8.009485455,5.70970092,4.298365807,4.596059506,0,4.81706045,0.214359076,11.1917114,0.823151775,2.000133839,2.222554131,5.064655691,3.208196472,7.282301451,3.83018868,3.772506377,7.433361294,0.986793189,4.991219806,4.125351424,2.276141026,1.589809441,0
C,1.589846591,1.849543566,2.764794671,6.090645906,0,4.468149268,4.89158356,0,4.759812612,8.396515779,0.551751602,3.666541742,8.820645906,5.469448794,1.660119698,4.681479943,6.661084388,5.89604578,2.000807064,5.77495415,6.612215932,0.951476655,5.533262897,6.186129181,4.886108842,4.147860276,6.289928235,4.036760489,6.221619487,7.68930221,7.594438866,5.808276851,7.716171905,5.299003858,4.745953425,5.969784704,10.34199433,5.321181832,7.311467983,4.661626768,4.973006637,5.96156367,7.039085333,3.582104173,6.348236982,7.13165016,4.249448794,4.811082011,6.789900326,5.412091559,5.438476004,0
C,0.103800233,3.763897741,8.054414037,6.492176448,1.100348103,9.209976338,10.63602687,2.401386924,9.587232228,8.778298917,4.098873707,6.884821486,9.222176448,9.710865717,3.75883361,9.49178105,6.825646085,7.934396631,3.803927468,6.95613129,6.705686976,4.616836164,7.34782488,6.26643529,7.933340418,6.14311646,8.138727236,6.504966288,7.437033646,7.826217543,10.04457777,7.26335014,11.7722842,12.21704311,5.41103882,11.51618171,10.70534656,11.16857215,12.42990226,7.832394759,5.830227813,8.614932608,7.143088326,5.902513217,8.830420827,7.260666531,8.490865717,6.495965011,9.357676717,9.488793262,10.44170082,5.032197931
B,3.576716711,0,1.177528706,0.146475481,5.346180271,3.597858424,4.120446554,1.112720789,3.529737118,1.212947145,0,0.449616556,2.032383255,1.218686732,4.131613169,0.831003625,0,1.198236115,1.854446959,2.15243348,0.552540444,1.401841262,2.93410485,0,1.039519203,0.739956602,0,1.762399662,1.625472869,0.871312489,1.284990067,0.970356725,4.158667787,0.954747484,1.305490473,0,0.530146227,0.390994241,0.666937639,1.555436293,0.809616132,0.948527662,1.057248299,0.880575181,1.028543689,3.723649883,0,1.785924853,0.583600652,2.964628302,2.667938915,0
A,2.236153368,0.720698608,1.014990028,0.391800257,0.912431841,1.406739372,0,1.667623888,1.642192992,0,1.467075363,0.323487093,0.568748984,2.951980372,1.893393308,1.097615195,0.438499676,3.962276098,2.162803218,0.091209206,0,1.731086673,0,4.87936512,3.799060154,0.772364883,2.866151637,0.526365682,4.842785196,0.167896068,4.431064394,3.193745308,4.436575349,1.583749282,4.000804776,4.147043888,3.276281148,3.717635233,3.429733232,3.04755443,5.14876878,5.504846398,6.281182231,10.07763346,7.081481096,12.56122431,0,6.063395513,2.480980219,9.225484945,9.422181874,5.772279244
B,3.06308449,0,0.138281624,0.343750816,0,1.043227869,1.050311491,1.535501903,1.369925762,0.354060207,0,1.457908554,2.555474449,0.699111736,2.199574233,0.98860438,0.225316088,0.739095155,0,0,0.44878588,1.707459858,0,1.183108575,1.968669881,0.68155307,2.114102075,0,2.201720299,0,2.160658206,0,2.350261241,0.449550747,1.270360694,0.746756941,2.27886691,1.612994687,1.617154421,1.241745545,0,2.832141849,3.915407568,4.738946382,2.253745602,0.308222428,1.781692477,2.416745433,0,2.208267917,6.779734824,0.436461632
B,0.305262359,1.719502961,0.875048981,0.921595296,0.705278055,6.065706813,1.057881398,0,1.63666114,1.085333465,3.196454155,0.475697249,0,1.4972138,5.327330401,0.675034435,0.593953913,0,1.490443646,0.427842237,0.939036629,0.38748364,1.237449851,2.01217126,1.549347508,1.224553296,0.282375198,1.914810397,2.055901923,0.348111167,3.311418478,2.375491115,2.479698117,1.854498144,0,2.045884812,0,0.900519923,2.709618674,0.993985148,1.325115456,1.786579236,0.865246442,0,1.104189717,2.07994496,0,2.224781092,0,0.131247352,1.887641369,1.239279131
B,3.094807415,1.56096546,0.720512006,0,2.564391227,0.847731255,0.432227714,0,0.208161604,0.16232606,0.790189016,1.318475103,2.422367944,0,1.301625067,0.596182131,0.600561051,0.532050789,0,0.994835729,0.700554977,0,0,0.833084991,0.888297473,1.374958595,0,0.926020717,0,0.524565531,1.345782694,0.876108608,0.52939073,1.380372076,0.429822039,0,0.978129802,1.095382904,0.388446678,2.070989277,0,0.881824002,0.981212542,0,1.803963114,3.30580628,4.935306602,5.079423106,2.00934069,0.063243297,0,1.673625561
C,4.843643695,2.324047347,2.230865461,9.309866749,2.355297269,3.989513698,8.492767475,3.816769931,4.272537411,11.45741429,4.954520865,3.341691607,12.03986675,8.128387454,4.265091512,4.195932668,7.980437192,7.173885233,4.23888144,5.655727239,7.361608325,5.501004894,5.350102715,6.82997335,6.796414288,6.624417987,6.1033122,7.100354102,6.098936724,8.787003744,9.130427704,5.66140312,10.25894334,9.635913518,5.571472662,5.4099366,13.25512532,8.986903093,6.794818035,6.649377029,6.037009209,5.693735102,7.872916306,6.462249066,6.097687676,8.166022759,6.908387454,6.902397411,6.530711389,7.967770466,8.574991026,6.401233385
A,1.690980996,1.131867066,0.61903221,0.130916931,1.427932642,2.560498487,2.248452738,0.735740906,0,1.240219786,0,1.243026619,0,2.76921848,0.687971677,0.302265398,0,2.288150828,1.754665174,0,1.983349783,2.328694905,0.852003241,0.792729257,2.031143141,0,2.084747327,3.20458588,2.914459181,0,6.031822909,2.45885317,5.315499432,2.462555177,2.644773244,3.944674041,2.270353996,5.006149153,5.146210305,1.936434643,1.586517798,8.552497149,2.880304896,5.732264813,3.410466804,1.069602318,3.6661054,6.832338222,5.801175939,9.278594615,0,6.803955305
B,3.103302891,1.275181943,2.752703839,0.87542856,0,0,4.232923673,1.378655403,3.155999006,0.840851899,0,0.696018419,0,0.035994601,5.995323246,0.201259534,1.651620104,1.285263299,0.765947385,1.421834112,0,0.414021695,0.95842081,2.553359261,0,1.532740169,0,0.010274263,0,0.31447703,2.682225223,0.212555189,0,0.512018708,0.915738455,2.60523715,0,1.066390441,0,1.187763965,1.022569474,2.282884492,0.188379248,0,0.89606818,1.003529741,3.978034324,2.551743289,0.949480139,2.140945687,4.957398843,1.95344518
C,1.637007075,0,4.37507655,5.204248163,2.94105333,5.911670564,8.164270335,4.47740958,6.229390249,7.553711368,5.353899998,4.646260166,7.934248163,7.885841179,4.501390832,6.145846312,6.297806624,7.057321732,4.441899166,6.134531657,6.405874162,5.913696664,6.085657328,6.008849633,6.62215774,6.849068749,6.852745202,7.378255415,6.591619531,7.387055111,8.990316021,6.25123465,10.02699375,9.240304059,5.64635625,7.658235606,9.539877026,8.652518907,8.869637179,6.468056027,6.133525833,6.769310244,6.809493786,6.723509582,7.103870873,6.846840393,6.665841179,7.092102499,7.571590558,7.734643463,8.288880614,7.040239997
A,1.68536997,0.394079325,0.883044288,0.049135259,0.663593977,0,0,1.330524861,4.178317467,3.226950139,2.516583159,0,0.319322426,0,0.622568685,3.824877485,0.345760002,0.012489492,1.812029575,1.474663493,0,3.069510899,2.534355697,3.298565865,1.840358153,0,2.769803748,1.196737651,3.76330366,1.35991127,0,4.53778189,3.802151703,1.843146629,3.392047344,4.348887593,2.492544825,4.341794901,5.710355771,6.350849305,1.490511538,12.23154402,3.356128536,9.796787449,3.67413407,0,6.747045623,5.255190781,13.79292917,2.425648808,10.16390568,7.894820645
A,1.813349335,0.287741568,0.094491509,0,0.668276851,0.691389741,4.14764276,0.677504618,0,4.068934755,3.153124415,1.47976909,0,0.894498402,0,1.431024311,3.536386969,1.197886779,0.928310407,0.523356409,0.977633157,2.870691628,2.121442374,1.002262466,0,3.532524506,0.783371481,1.48095362,0.854989999,0,6.105514444,3.221014846,5.506494911,5.881744483,3.232161302,3.59911062,4.695768819,0.672517824,3.742368398,3.696737082,7.14535942,0,2.976956511,7.637101558,4.625999242,1.274058546,3.096617653,6.620821496,5.92306369,10.58262803,5.138164629,8.243702903
B,0.22292428,0,1.469725002,2.263657933,2.294590397,0,1.638651381,0.229101849,0.514173102,0,0.08377425,1.044890275,0,0.257214976,0,0.51041179,0.596542131,0.907050086,0,1.101692546,1.372002583,0.59641731,1.248647322,0.916643965,1.445160274,0,0,1.430127596,1.217381232,0.082735392,0.45426652,1.176926846,0.761810316,1.058922599,1.044954074,1.666350308,0.409124996,1.582467145,0.680538587,1.554541464,0.450787901,2.262655375,1.400685391,0.378079359,0.18528071,3.061194269,0,0,0,1.114885858,0,0.105517929
B,2.686007816,1.485153302,0.262818711,0.413095489,0,0.836338288,0.868098002,2.931142668,1.133030677,1.84570114,0,0.914257516,1.477061206,0,0.300110579,1.746028123,0.539653965,0,0.978944849,0.759415299,1.446369873,0,1.111728579,0.159745421,0.509179518,1.52973754,0,2.513485512,0,1.007395691,0.868709158,0.833932656,0.582183873,1.358376288,1.588811214,0.73346031,0.258251285,0.407654501,0.420751748,0.358775347,1.02711946,1.082861781,2.081193132,3.66506597,0.222043077,0.838249702,5.601467087,5.340173418,0,1.200442457,0.466646335,1.718232524
C,5.978558705,3.206428602,1.546179148,1.468252657,0,3.375733411,8.35521013,0,3.647678057,4.001453346,0.431174432,2.925118705,4.198252657,8.026821816,1.588778206,3.573289128,4.766660925,7.125074562,1.93951367,5.50283612,5.536183405,0.826880246,5.115226504,5.261650531,6.7234448,4.080035618,5.864004362,3.952858876,5.941613979,6.11314189,9.071756292,5.473058989,10.16181504,9.47025306,4.723345206,4.692013087,6.159107322,8.846880562,6.132289855,6.573449319,4.943867154,5.350284039,5.841809705,3.503226608,5.776394746,5.646422165,6.806821816,4.753807855,6.198339392,7.870149125,8.455183016,0
B,5.935453635,0,1.424751034,2.414377826,1.082718902,0.443058863,1.803702705,2.15114355,0.10392669,3.311763853,0.384536417,0.2676208,0.344035171,1.824157819,0,0.471498457,1.28658838,0,0.951401882,0.832560842,0.21301061,1.950851008,1.0492196,0.455180564,0,1.064265382,1.466368589,3.995741323,2.428245416,0.666390828,0.700214169,0.935076198,1.455718473,0.824851348,1.875514049,2.761211853,2.35023796,1.78992017,1.78091981,0.002121206,1.503055729,1.214905405,0.889573402,3.03963193,0,0.710269336,2.675469382,2.363556534,1.004429081,2.381685399,1.873684525,1.718754824
B,1.11900846,0.172682461,0.756608498,0.813397827,0,1.399662025,3.046841809,0,0.70785823,0,1.509080459,0,0,2.180109034,3.624809297,0.521476782,0.726498362,0,1.029801348,0.607422534,1.689974936,0.751457962,0.857197688,0.08511797,0.662697676,0.354108045,0.53125615,2.338501687,1.218433517,1.276953834,0.431856252,0.788632658,2.61623427,1.625371645,0.589146616,0.150227006,0.722971654,0,2.174882083,1.789210879,0.167673058,3.688666351,0.612428993,2.194369382,0,4.531164808,0.63243901,1.491868822,1.294296411,0.390091136,0,3.178059105
C,4.347728067,0,6.589258045,3.556239216,0,7.89655171,11.97574558,0,8.250099575,5.986752041,0,5.993399717,6.286239216,10.70004871,0.912093047,8.159390002,5.622393121,8.409780689,1.35813628,6.628960534,6.022239293,0,6.845214734,5.679247843,8.644015576,3.436708179,7.62663388,3.157039006,7.10037968,6.825111077,10.61599901,6.860313702,12.71825046,13.83046779,4.508902726,9.97990164,8.048564012,12.53230016,11.01216232,8.571881072,4.667474625,7.879983809,6.382632453,2.755060623,8.142888079,6.317316207,9.480048707,4.210553573,8.646435944,10.43956138,11.6085526,0
C,0.920606056,5.384330467,3.616204323,7.397388566,0,5.231387047,5.608043924,0,5.536827246,9.638992407,2.010682967,4.184551498,10.12738857,5.998448202,2.523320755,5.455739206,7.196634658,6.15027365,2.742430508,5.965074752,6.916408486,2.459039065,5.825332227,6.447477713,5.266166669,4.968509169,6.587508307,5.051933564,6.417250832,8.134880036,7.900025903,6.04248339,8.222059688,6.161837843,5.019503056,6.862524921,11.52448933,6.050481987,8.135323924,5.057092345,5.325581717,6.388646181,7.377553104,4.536488441,6.747765783,7.551521572,4.778448202,5.504074409,7.203205982,5.920547301,6.062489869,1.691092747
A,2.055950067,0.253530743,0.543051363,0.51097328,2.064940798,2.973453055,0,2.461236778,3.173980066,2.235751549,0.085866232,0.279735669,0,0.573668462,1.706271822,0.130133385,3.010175072,0,1.069251686,2.2937481,1.992897636,2.978463385,0.204491933,3.367508405,0.667553367,0,2.993286264,1.750024683,2.280681777,0,6.963830606,1.922828166,3.725130212,5.108366668,1.826298441,1.19463855,3.346163174,6.653441907,3.162883394,0.438812691,4.966409635,10.72396395,1.831494637,6.462851357,5.179392583,5.821494765,4.453682701,6.637267252,7.475770507,11.6194318,6.779907021,4.317404317
B,0.811997109,0.22460988,0,1.814006231,0,2.029142044,0,2.883984822,2.1567269,1.066591553,0,0.845187237,0,0.876413749,0,1.029648489,1.4147021,0.788219033,1.850388793,0.551381176,0.503203858,0.983179932,0,1.023225375,2.047556223,0,1.078173513,0.687235385,0.135082082,0.099174623,0.256409949,0.437028941,1.765769355,0.105920911,0.783073351,1.427736915,1.319143431,1.118629179,0,0.506536176,0,1.059411074,0,1.129743988,0.251474928,3.42053317,2.408161704,1.405948107,1.582561439,3.357891651,6.418887344,0.153484952
B,1.479189439,0,0,1.280635155,0,0.016167334,2.373157256,0,0.895292628,0,2.47072786,1.100298625,0.98627257,0.800936204,0,0,2.148319035,0,1.886143531,0.355777003,1.18334646,2.132214438,1.350962429,1.101537985,0.375102764,0.862687591,0.549976734,0.520165869,0,0.772133229,0.944915628,0.984992655,2.416859946,0.797762958,0.772677895,0,1.241797841,1.954187464,0,1.058674721,0.506943071,2.038827251,0.178578329,2.409550371,1.660129028,2.284695455,0.110672768,2.644059263,0,0.486073238,4.839217078,1.947251589
A,2.066257404,1.169317784,0.328077852,0.600480178,2.512146619,0.553381514,5.544096068,0,0,2.468491528,2.108573012,1.659931168,0.666534671,3.102302111,1.750397139,2.314984335,0,0,0,1.959248,2.883022352,3.242783282,2.316461594,1.10140944,0.528764475,0,1.596881238,0.718878835,0.378820353,3.146433986,6.113579571,2.403486316,5.893314195,4.943278919,1.956521711,5.565554126,4.398644176,6.856369252,5.146067059,0.92901044,3.638958235,5.120111893,4.787108196,5.382598934,0,10.66267413,3.340740946,5.769142508,3.966690382,0,6.238144742,6.892834311
A,1.617151388,0,0.647108004,0.298128499,0,0,2.854277743,0.179170416,0.107331052,1.189662112,0,2.787788454,1.278795681,0,3.057302418,0,1.023027465,2.408552283,1.297993196,1.066604973,2.139335969,3.548547852,1.678770021,0,0,5.072550102,3.299925358,2.237192678,3.632150545,0.986939157,4.271935109,4.575591949,2.564816062,4.745406705,2.619785161,5.092019798,2.721835352,5.823075768,6.395355348,5.471010951,3.91701373,12.0990785,3.732474294,10.09187219,6.91960135,6.378629392,2.825620246,7.52727221,3.593515248,3.124938547,11.4696459,13.25024218
C,0,1.642220895,0,0,7.711563316,1.796387187,3.295175512,9.857785899,2.039823779,2.132509491,8.606520443,1.853215852,2.232639292,4.290738908,6.425857929,1.97113646,3.961081677,5.329578407,6.095314558,5.109424967,5.078614393,9.274737791,4.510855747,4.868527858,4.03926873,8.678667749,5.248230383,9.641537141,5.536799604,5.442899955,6.913533641,4.988422061,6.588959053,3.376447928,6.256222583,2.84469115,4.380388343,3.69616432,4.427508191,3.7804553,6.919575774,4.466534346,5.33268362,8.851265456,4.949661163,5.014848035,3.070738908,8.63709721,5.343097755,4.279156815,4.048056091,12.24443271
A,2.330993634,0,0.263759159,0.232686353,0.617022277,2.926024703,0.633500047,1.176083111,0.954598217,1.258463681,0,1.49413706,0.417650809,2.455719044,1.15711044,1.419706081,0,2.560596787,1.069184429,3.762026001,0,1.435581294,4.579868944,1.770503853,1.408828497,4.560839006,3.297283731,0,4.290128466,0.411671434,3.952807242,4.256662511,4.583821313,3.281922364,3.12273323,4.734074288,3.334714546,2.846441525,3.910297045,1.680950078,2.19816208,5.98597603,5.802160603,9.624205645,3.224025745,6.207266947,3.665529872,6.786440663,9.272241731,11.59796872,1.661840478,8.006431197
B,3.029433072,1.334705507,1.734031893,0.917276333,1.493012925,0.352497474,0,1.517007828,1.82832719,1.839272604,0.759370788,1.320930125,2.412405384,0.219067358,1.280647094,0,0.79358459,0.688888489,1.293788666,1.10242071,0.016782536,0,1.082882682,1.353922764,0.593030882,2.072949394,0,1.301230597,2.38687523,1.031206035,1.16894923,1.39428171,4.331916569,0.408100639,0.383002138,2.478300793,0,1.871263716,0,1.584942461,1.805178114,1.929890545,1.11448661,0.278384187,0.482689673,1.280628993,2.15552454,3.777349666,0.971707735,2.90926479,3.338959956,1.871148028
B,0.736801451,2.649591783,2.279095023,0.57698822,0,1.250596117,3.965680933,0.304191823,4.645452831,1.083197676,0,1.70078443,0.81398144,1.066623197,0,0.024460313,0.276738441,0.866132659,1.366048588,1.220860794,0,1.008044062,0,1.420603505,1.176074239,0.085131285,0,0,2.117540425,2.292003752,0.01031569,1.300593137,1.63303439,2.190045528,1.18116,0.884949204,1.920446553,0,1.648981597,0.707173095,1.830111411,2.074760363,0,3.390344001,0.532337545,2.815289366,0,0,0.451448571,0.492725499,4.585232725,0.120651943
A,2.266181472,0.6458602,0.310828716,0.3022893,1.184435729,1.568760032,0,0,3.432926032,0,0.926867297,0.956724871,0,0,2.971211923,1.61444711,0,1.580085465,1.677461898,3.206358617,2.216006395,2.887635788,1.976821075,3.104877497,2.729124902,0.813478227,0,5.391333309,1.940861872,5.639552982,3.392433905,2.45921997,3.388160515,5.621979518,2.964132247,4.410991643,2.625495761,4.663782265,4.73133884,0.446429027,5.867434326,8.280329665,4.876372577,9.3151789,0,8.385563147,4.925452882,5.45599225,4.085770888,9.143936967,0,10.74858624
B,0.923423932,0,0.685991135,1.74951071,0.092745697,0.340330345,1.355227503,0.431847317,2.832307113,0.660782703,0,0.788856182,0,0,1.145713096,0,1.271008486,1.51568003,0,0,0.69015536,0.977677671,0.833246372,3.030973583,1.018614512,0.432232821,0.502115257,0.423374942,0.663041141,0,0.826524793,2.017748377,1.725082757,1.76249889,0,1.0347036,0.833955428,1.507415859,0,0,0,0.402201107,0.17642726,0.120848791,0.234325382,1.930703701,2.159014816,0,0.071557636,0.625403018,2.870181422,1.204103173
C,7.574169389,6.963212474,0,1.948893038,6.330746268,1.880916011,4.931365063,8.300443945,2.125878394,4.458455675,7.665054274,1.910585596,4.678893038,5.498821516,5.868823779,2.056885917,4.963644688,5.910161797,5.616735923,5.130480884,5.648070183,8.301889416,4.543202517,5.357778608,4.907211575,8.149093029,5.28118747,8.986433599,5.558465837,6.27703238,7.611406604,5.014360509,7.744261353,5.346912764,6.079697676,2.94356241,6.59404747,5.361676265,4.518750496,4.683585017,6.692054783,4.513833869,5.966303443,8.235389671,4.993909103,5.800857435,4.278821516,8.18990078,5.388871486,5.440323593,5.47312441,10.73808684
C,0,0.884079015,4.495998395,5.540653086,5.506532338,6.020069759,6.154790597,7.370861756,6.339746108,7.873571787,7.10309023,4.719830739,8.270653086,6.402139294,5.536328386,6.255810838,6.435677494,6.344280534,5.331070867,6.161533622,6.484184817,7.721193238,6.127138608,6.076130617,5.556197163,7.832988255,6.895009148,8.595400285,6.619404162,7.501763675,8.133226097,6.28449794,8.608113791,6.82028545,5.974329418,7.785027444,9.844295908,6.607026988,8.986645696,5.358880831,6.556246806,6.829966833,6.896628176,7.867771526,7.160614134,6.954931156,5.182139294,7.922967859,7.630290483,6.308561069,6.538688585,9.838944369
C,0,0,3.848015105,1.645869241,4.887661575,5.439191534,3.340025651,6.672873992,5.748382717,4.170334689,6.681132892,4.325588478,4.375869241,4.323854065,5.286670294,5.66654448,4.839454607,5.345492973,5.116575887,6.016838324,5.577530217,7.285170655,5.904853078,5.297173848,4.063060202,7.595637252,6.668529551,8.301788304,6.470514798,6.173706233,6.932663271,6.10625011,6.620627431,3.430460999,5.895212417,7.105588654,6.319835773,3.741818226,8.359632739,3.805211291,6.454273782,6.504926671,5.887815312,7.5917411,6.856544305,5.703492412,3.103854065,7.722538124,7.315735488,4.310985946,4.087119116,9.163812627
B,1.345135877,0,0,1.371443585,4.320112404,0,0.447397676,0,1.518102549,1.013870874,0,1.082463343,0,1.877455345,0.556866208,0.598277096,0,2.800706572,0,1.613041163,0.947726851,1.72081033,0.460982187,0,0.352718928,0,0,0.15150708,1.459906407,2.503140787,0,0.962664992,0.117812227,1.444614234,1.182841292,0.424523514,0,0.675285948,3.078848876,0.994475081,0.779003871,4.124980427,0.778310731,2.788120265,1.335711109,1.439577585,0.127489234,1.334401593,0,2.616986571,3.802237254,0
B,0,0.605357467,1.721331754,1.801939942,1.085814276,0.460245948,1.783089554,0.63910106,0.53533809,0.990352682,0,0,0.288775705,1.207858061,0,1.219836143,1.134278167,1.301359286,1.453483486,0,1.11773242,1.73626119,0.326522513,0.803668522,0.693687833,0.168927693,0.495689109,0,0,1.919188572,0.739440948,0.539149689,1.215948908,0.401150735,1.24861031,0,0.693526331,1.080304687,2.235669071,2.795696483,1.449117077,0,1.800585322,1.778355591,0.626343304,0.519307031,0,0,1.678640231,0,4.237628966,1.028453871
A,1.709048483,0.370846828,0.475177319,0,0.150412387,1.49666308,2.033341803,0,0.702781166,0,4.20880428,1.350283283,0.905609814,0,1.380717966,2.63478284,0,0.099306036,0.510748452,1.725606655,1.401976896,3.123429292,0.701295638,3.486725801,0.163158974,0.691241048,2.951171657,0.0976455,0,1.552420307,3.973514709,5.376270021,4.81923092,0.40266773,3.131228365,3.603585789,4.179081741,5.702599689,4.055021981,1.972174715,3.489075384,0,3.677437825,12.35485317,3.338406652,5.886769655,3.767627564,6.028073649,3.139906402,6.227177499,20.74965499,6.711527292
C,4.956676606,4.282773699,5.352540428,0.133888301,0.474142084,6.78790841,6.374603859,1.695126157,7.121444663,2.732713467,3.671915057,5.240963109,2.863888301,6.564438692,3.506216409,7.034737412,4.219790287,6.422278789,3.586890154,6.35280029,5.225560883,4.175645559,6.420968561,4.99477766,5.672800613,5.90295222,7.194383062,6.207874227,6.816214791,5.658145519,8.226981574,6.520116299,8.763322438,7.085006798,5.330984073,8.683149187,4.951616954,6.830779555,9.815467923,5.480211449,5.727046139,7.259623839,5.496187462,5.6232111,7.562551334,5.217675585,5.344438692,6.293159652,8.046087587,6.464557577,6.730138845,4.349064091
B,0.610228574,0.126345753,2.450722767,0.592832857,2.29070765,0.463724493,0,2.507866744,2.073835326,0,1.590122576,0.927924049,0.444586131,0,5.131600502,1.01145274,1.033022008,0,1.299877221,0.32682864,2.351535743,0.569706542,0.716709383,0.549035301,0.201581782,0.467070118,1.047469654,2.45262531,0,1.488496162,0,0.666013627,2.813641937,0,0,0.152421434,2.11197254,0.531337504,3.14164894,0.848061327,1.254150961,0,2.584857724,1.539535016,2.398806278,3.392507205,1.821034353,0.705230074,1.622659923,2.195516711,3.61958632,2.410578272
A,1.555559792,1.124084701,1.350894184,0.35203915,1.533881953,1.553134959,3.854285267,5.046086567,2.382087486,1.08293433,0,2.367823045,2.142856575,2.248584582,2.336611813,1.83744416,0.259696588,0.778186442,1.9134652,3.125126916,0.122580444,4.310741793,1.384069567,1.798925551,1.62009559,0,0.017371055,5.842239955,0.417122586,0,0.888778345,2.800140011,4.212512666,4.799974477,3.32776261,2.860687097,2.992832941,0.827214278,5.812497938,0,4.622643261,8.475692879,0,7.771833421,5.915841081,2.244288394,3.41383558,5.685725337,8.250764676,2.031854064,13.03116417,8.456268595
C,0,7.856924919,0,0.686481707,0.059750104,0.295444738,9.379969211,1.22775793,0.511788506,3.258130147,3.389375071,0.834525671,3.416481707,8.783453969,3.339046917,0.448519752,4.446262995,7.488698752,3.443265661,4.735543996,5.354197381,3.883687573,3.936487878,5.105296341,7.267044599,5.744023477,4.663025385,6.011273487,5.152081503,5.846570811,9.508839914,4.527844053,10.88539045,10.70437152,5.278007826,1.089076156,5.451668692,9.890004501,2.807357317,7.139086948,5.658765642,3.626656803,5.639318213,5.438382859,4.163969267,5.395230188,7.563453969,6.158953159,4.530313035,8.597397504,9.347715119,3.897000114
A,2.270518557,0.778944741,0.647108004,0.59011876,0.155147444,0,7.7644815,0.44292488,4.22553443,1.598438769,0,1.983135981,0.76147082,0,0.249434432,2.999523321,1.431622461,0.922823657,2.239557454,2.468408077,0,2.050839544,2.354466695,2.880289843,0,0,1.432425213,0.276812204,3.641477414,0.877546021,5.059677392,5.179189795,2.220769132,2.956582603,3.14563226,2.614872052,5.228869502,8.957098286,4.249250486,1.275338633,2.194044229,16.50320382,2.46323691,3.61847598,8.460974136,7.011102921,0,6.07177205,3.133548488,9.735416523,7.93001539,4.219010951
A,1.849713162,0,0.771203793,0,1.142391323,1.203555573,2.991931813,0.979149223,2.959077155,2.136199965,1.870830643,2.456303101,1.260475456,4.230229882,0.119232944,4.288687587,2.250770824,1.629967611,1.543254245,2.328717865,3.31721735,1.819637078,0.841179004,3.11639253,0.915481622,9.375300096,4.622152394,3.70484928,0.063409865,0.487326,5.416254703,3.474668894,2.04060146,2.964615442,3.08238651,4.527693342,3.511287621,2.283453061,6.298505076,3.200154908,5.046946755,8.341031957,3.328290699,8.297879154,0,7.570034254,1.423572317,6.373110291,0,10.09125983,4.232562814,7.457235572
C,4.402881644,0,3.753064301,6.623675966,6.320017505,5.354073824,10.16830398,8.288343606,5.661728586,8.903331247,7.657739208,4.267819057,9.353675966,9.365521938,5.864495698,5.580197633,6.879539331,7.768430446,5.613017431,5.995635718,6.73629834,8.294330515,5.872280958,6.292735193,7.685229354,8.144978304,6.635342863,8.981343532,6.448697623,7.871056723,9.845083061,6.080130957,11.44202826,11.65376394,6.078326101,7.006028588,10.82434284,10.69246714,8.267754777,7.574225138,6.690286975,6.457297627,7.177148857,8.230604398,6.811988103,7.302918835,8.145521938,8.186426124,7.269642865,9.156860892,10.03432928,10.72638273
B,0,1.320036858,0,1.373004369,2.865305439,4.221984975,2.136296187,1.706468125,2.153193513,0.136998519,0.205170646,1.62205061,1.403592065,1.185651611,0,0.71393416,0.018271859,0.484512627,0,1.001479588,0.175825055,1.554270755,0,1.049007844,0.257013256,1.662191801,0.655792122,1.376081101,0.346405222,0.360186301,2.084792887,0.567877966,0,0,0,0.573950401,3.055276866,0.894643894,0.34139879,0.22887148,1.515154033,0.351344687,0,3.099451215,0.076848637,1.081089971,0.849951716,4.70975239,4.06553859,0.800760667,1.921463794,1.068380222
A,1.163141705,1.693469312,0.677129617,0,0.598225068,1.19146259,1.342459796,1.152871942,1.813106873,1.368412495,1.843921241,2.310621513,0.816351095,2.613793225,1.653051852,0,1.632183233,3.734667045,0.428601777,0.165529429,2.45200997,3.638215571,1.490223322,2.15592414,0.723069492,2.454860527,2.966062359,0,0,2.863281865,3.782913723,4.457705656,4.346137651,0,1.932262987,3.856459422,5.100200559,8.574226846,3.659932708,3.806550666,1.457759951,2.319367467,5.683728841,6.138450422,0,7.349661414,0,5.973070729,6.52695453,7.046222044,7.428291637,4.417805711
C,4.819424988,2.899493069,2.601492919,1.394552038,9.319109026,4.321759025,2.512074312,11.67084171,4.610779946,3.931377348,9.702574336,3.56718663,4.124552038,3.712535155,7.074356482,4.532975761,4.736455753,5.051703788,6.652475287,5.73848871,5.519026868,10.40732681,5.477243526,5.246910408,3.623860208,9.295198064,6.232851894,10.40420798,6.184097078,6.088011187,6.579522735,5.763355657,6.036016629,2.433358311,6.461732688,5.798555682,6.092414303,2.899029048,7.153451077,3.348205892,7.184455464,5.879648552,5.822720036,9.568267378,6.27160671,5.622741311,2.492535155,9.157722809,6.710627631,3.723407576,3.366000207,13.99811894
B,0.873308398,0,1.372553837,0,0,0.745814916,0,0.800186578,2.466746268,1.068037695,0.490955482,0.406362682,0.701511666,0.400139795,0.248789089,0,0,0,2.34080448,0.891242862,1.337820407,0.404337486,1.041800328,0.592141939,1.123833659,1.308439335,0.14447602,0.154614312,0.92424586,1.422396702,1.871557716,0.873231968,2.807582735,1.846595431,0,0,0,0.543887031,1.552518906,1.620439926,1.739332699,1.003493793,0.177233459,0.414062607,3.262709283,3.598351071,3.68637629,1.165243218,1.004015715,0.950349956,2.224449915,2.983966478
C,2.794124101,5.365011197,1.291067146,0,13.41479941,3.147040775,7.568334413,16.29012888,3.414857395,1.862168785,12.49509051,2.76990493,1.948315446,7.445831144,8.726595216,3.341294071,3.844555511,6.845860598,8.072004341,5.445869363,5.01242753,13.29292686,5.027712354,4.811663089,6.306034026,10.86598841,5.774839002,12.34733381,5.882996011,5.345950185,8.736135467,5.402882548,9.606207453,8.522617788,6.98532947,4.424517007,4.123098568,8.045903131,5.885433905,6.139116486,7.859313539,5.222315235,5.259039083,11.39503837,5.656681994,4.92349152,6.225831144,10.48416799,6.074498614,7.311721197,7.76983965,18.46614481
B,3.523477097,1.513621577,0.957434353,0,4.088689886,0,0.125168751,1.482368267,0.788168749,0,0.808215429,0.423099374,0.45088511,0.512726428,3.239173858,1.171674169,1.457090988,0,0,0,0,0.471307583,0,1.197065624,0.791269134,0,0,0,0.908247279,2.128790721,3.634892092,0.162274275,2.674239648,0.30522235,1.275636013,1.634701347,0,1.516834449,0.831125944,0.721367635,0.215386673,1.167959585,2.557208358,2.131585144,1.159392578,2.753108169,0.76733963,1.894150277,0.996255906,1.295587449,2.8856699,1.165901257
A,1.599416775,0,0.624980408,0.221526341,0,2.138180443,2.858022326,2.358721081,0.457861178,1.768759558,4.707496551,3.096941801,0.630234373,2.847805621,1.650595193,2.748026481,1.560315029,1.375694721,2.21998365,2.885303781,2.787297307,3.029440109,1.214046036,4.773582292,0,7.212040573,2.246088504,0.516751959,0.832442773,0,0.536778248,3.183197352,5.384511435,3.508013152,3.269654141,2.009509423,2.992939624,6.269996213,4.97220396,4.06362156,2.72042361,9.245532452,4.00234436,5.446307264,8.885799463,0,0,5.824571163,12.77493066,14.96770334,4.419136148,8.195375993
A,0.724308351,1.436390266,0.564612492,0.312272312,0.778228735,1.087526206,1.379740461,1.388374954,2.603896464,2.232234079,1.563511382,0.301927885,1.03534032,2.932914407,0.425430047,1.236016914,3.327929419,0.856258604,1.196688128,1.989100958,1.552297896,3.345940354,0.07975403,0.109735593,0.007820121,5.043805385,0,0,3.613902671,5.595632755,1.458150496,3.063957867,5.515048663,2.934613531,3.365035238,2.932827762,4.363132091,8.335617387,1.054621925,1.660408458,5.055508852,0,3.592854386,6.682461722,9.626066873,1.993862666,2.996885738,6.324246688,3.541037494,8.467552169,6.760636215,6.168948651
C,6.440083156,0,2.248380896,0.727425339,2.538570638,4.005215237,4.221809846,4.023473134,4.288522371,3.297060159,5.07947998,3.352348248,3.457425339,4.974920531,4.339025655,4.211860944,4.463043172,5.658384139,4.302402323,5.659638453,5.363728522,5.630129313,5.356111246,5.113485068,4.530816692,6.694707489,6.1094341,7.18730482,6.102961306,5.860531919,7.308764773,5.666221282,7.243249246,4.492394653,5.594902496,5.428302299,5.488719323,4.639405004,6.811766628,4.291930883,6.067207662,5.702521162,5.649923285,6.543993154,6.105906893,5.408385847,3.754920531,6.961752991,6.539214027,4.936768278,4.855124704,6.601167969
B,0,0.795459413,2.192834226,1.342691206,4.859546309,1.488052996,0,0.300058533,2.39944366,0,0.597252789,2.062359596,0,1.853113856,0,0.937714297,0.059477938,0.932340007,1.135725478,1.982182893,0,1.349108941,0.40082964,0.911135837,0,0.725793291,1.141819042,2.582520252,0.163275053,1.556095209,2.4611337,1.466156939,3.301344134,0,0,0.674738057,0,1.584496728,0,0.275033452,0.246050503,2.104257459,1.539434742,3.440475349,1.647979225,0,0.218761393,0,3.879425961,0.389948345,1.753352851,0.012611953
B,1.260216107,0.974241788,0.601108358,1.948302151,0,1.49091463,0,2.452422583,1.039801422,0.871470447,0.871063331,0,2.678840265,1.098520881,0,1.529380891,0.603011662,0,0.385401558,1.258547981,0.167725005,0.912966759,0.779371476,0,1.140211044,0,0.472977548,0.055098141,0.460108203,0.92251545,0,0.490402865,2.941474657,1.954452294,0,0.213997864,2.029094222,1.348086234,2.470510971,0.512295551,0.245368143,0.426237688,1.651659066,3.151434294,1.409851661,0.083179379,0,4.9930423,6.56677544,0.622079565,0,0
C,4.045884396,0.956221226,4.428093588,0,0.962574936,5.959197165,4.588159996,2.246000709,6.277774731,2.233296283,4.004937456,4.678516487,2.338639195,5.245415624,3.703254662,6.194059218,4.00452426,5.788379353,3.75617654,6.146370413,5.10328978,4.519768705,6.103844402,4.889727839,4.725152973,6.090277319,6.871275429,6.439602313,6.603801439,5.479044184,7.465021647,6.265818625,7.501926592,4.933590533,5.393425773,7.713826287,4.476309566,5.012320569,8.920938456,4.494145661,5.807526552,6.795904551,5.360139332,5.841063253,7.128749418,5.04890702,4.025415624,6.451345292,7.597326985,5.196758707,5.174203867,4.88189993
